DATE,1-Yr,2-Yr,3-Yr,5-Yr,10-Yr
1/1/1982,6.3945071,6.45204830,6.49681840,,6.19761150
2/1/1982,6.4321077,6.47286480,6.47641850,,6.07923220
3/1/1982,6.3877317,6.29553320,6.20259530,,5.64812990
4/1/1982,6.1406276,6.22273280,6.19158330,,5.71318840
5/1/1982,5.4881669,5.85220170,5.94838960,,5.68997980
6/1/1982,5.4452325,5.83887130,5.91784330,,5.60237860
7/1/1982,6.3748846,6.41206900,6.38419820,,5.91600550
8/1/1982,6.367801,6.21527390,6.14772380,,5.69671590
9/1/1982,6.339422,6.10697010,6.06565230,,5.73321400
10/1/1982,5.1327583,5.34812480,5.45132900,,5.34106510
11/1/1982,4.6539145,4.85027530,4.89959540,,4.71732640
12/1/1982,4.5710148,4.86239900,4.96340790,,4.86242090
1/1/1983,4.8633048,4.93159610,4.94209780,,4.71753100
2/1/1983,4.5956615,4.86028690,4.95756510,,4.86092960
3/1/1983,4.0629447,4.48036730,4.62428980,,4.60999240
4/1/1983,4.6289199,4.83668720,4.89692680,,4.73799180
5/1/1983,4.6186334,4.74204850,4.75749320,,4.53835860
6/1/1983,4.1399507,4.58614570,4.73892650,,4.72088590
7/1/1983,4.9603809,5.05036380,5.07667040,,4.86809490
8/1/1983,5.1924267,5.28889620,5.29839170,,5.01789610
9/1/1983,5.1037494,5.26872620,5.31866210,,5.10797680
10/1/1983,5.1155348,5.19188240,5.21059010,,4.97420050
11/1/1983,5.2028781,5.27479220,5.29891790,,5.06937480
12/1/1983,5.1980904,5.27752210,5.30770430,,5.08937140
1/1/1984,5.2475146,5.32927060,5.33955320,,5.06405910
2/1/1984,5.0622947,5.19819320,5.24086190,,5.03424120
3/1/1984,4.8302654,5.16561680,5.28461430,,5.17368940
4/1/1984,5.4205543,5.54300850,5.57596810,,5.31379830
5/1/1984,5.4580169,5.62749680,5.68344670,,5.44634690
6/1/1984,5.5883874,5.83363560,5.93028020,,5.73513900
7/1/1984,5.692377,5.92408630,5.99603880,,5.73541560
8/1/1984,5.224781,5.51029210,5.60696430,,5.42700670
9/1/1984,5.1047828,5.47418810,5.59613960,,5.44163810
10/1/1984,5.4138126,5.54412750,5.54985500,,5.21476060
11/1/1984,4.9376646,5.13022540,5.19298810,,5.01597440
12/1/1984,4.8509702,5.08562000,5.17084920,,5.03423990
1/1/1985,4.8807597,5.12644960,5.22564950,,5.11429680
2/1/1985,4.6573474,4.97023390,5.09802290,,5.04209320
3/1/1985,4.9883735,5.24731190,5.35995660,,5.26263400
4/1/1985,4.7725855,5.06651830,5.16096320,,5.01977530
5/1/1985,4.7029389,4.95836090,5.06453560,,4.98432500
6/1/1985,4.716909,4.72762710,4.74556910,,4.59132780
7/1/1985,4.407939,4.59799830,4.66613560,,4.56232680
8/1/1985,4.4287764,4.67561460,4.77564960,,4.71526090
9/1/1985,4.4613628,4.64870830,4.72111520,,4.62391610
10/1/1985,4.4118946,4.61865420,4.69896380,,4.61522710
11/1/1985,4.2730751,4.49678620,4.57729230,,4.49884550
12/1/1985,4.0037965,4.30059020,4.40329090,,4.36551580
1/1/1986,3.9759159,4.11553170,4.17814700,,4.13878840
2/1/1986,3.9713373,4.13530330,4.19058700,,4.11817260
3/1/1986,3.4802235,3.73828240,3.79914210,,3.73676110
4/1/1986,3.0175747,3.40075310,3.51282680,,3.55367330
5/1/1986,2.8514107,3.33316300,3.49173930,,3.60773320
6/1/1986,3.4637795,3.79713160,3.90792220,,3.92727290
7/1/1986,3.5734378,3.69265060,3.72654040,,3.67121970
8/1/1986,3.388122,3.56856220,3.63155290,,3.63245820
9/1/1986,3.4035122,3.47075960,3.48649480,,3.43590020
10/1/1986,3.4713896,3.58713840,3.63672790,,3.63443650
11/1/1986,3.2203774,3.41617110,3.49802630,,3.55558610
12/1/1986,3.6377004,3.59595590,3.57699650,,3.48008330
1/1/1987,3.4766992,3.52499460,3.54932420,,3.52409790
2/1/1987,3.5699365,3.57031900,3.57569790,,3.52182390
3/1/1987,3.0945875,3.30216830,3.36629040,,3.38557910
4/1/1987,3.6402938,3.66201760,3.67660360,,3.62514960
5/1/1987,3.9085461,3.95879180,4.00341150,,3.98092010
6/1/1987,3.9808006,3.99558490,4.00432010,,3.90501880
7/1/1987,4.0066156,4.00422420,4.02590490,,3.96706310
8/1/1987,4.126315,4.12953390,4.14422070,,4.05112750
9/1/1987,4.2771388,4.25385580,4.26110220,,4.14896920
10/1/1987,4.3834831,4.40551000,4.41013510,,4.25184150
11/1/1987,3.9721739,4.07477720,4.15257630,,4.17478320
12/1/1987,4.083687,4.16112610,4.23744260,,4.25914510
1/1/1988,3.6629208,3.93740480,4.08744470,,4.22043450
2/1/1988,3.7866556,3.85466860,3.89021860,,3.84725220
3/1/1988,3.6808433,3.77940350,3.82804770,,3.81099430
4/1/1988,3.9816855,4.05132290,4.08641500,,4.01987240
5/1/1988,4.0994026,4.13901190,4.15773200,,4.05537850
6/1/1988,3.9480755,4.09971230,4.16528740,,4.12905910
7/1/1988,4.2701061,4.22611200,4.21740610,,4.07844640
8/1/1988,4.362807,4.30439500,4.27633610,,4.08716820
9/1/1988,4.414214,4.37863250,4.35851190,,4.16973370
10/1/1988,4.3720582,4.28949750,4.25111170,,4.04968830
11/1/1988,4.2504516,4.19403830,4.16963820,,4.00081880
12/1/1988,4.4612583,4.37778010,4.33773530,,4.12290570
1/1/1989,4.4802056,4.45675070,4.45231960,,4.28851360
2/1/1989,4.4007674,4.37914220,4.36661650,,4.18993460
3/1/1989,4.5305051,4.52042760,4.51328670,,4.32888160
4/1/1989,4.7028561,4.60150090,4.54306760,,4.26621820
5/1/1989,4.852568,4.61846480,4.48942300,,4.09934730
6/1/1989,4.3841384,4.29365440,4.22772260,,3.96019830
7/1/1989,4.3266076,4.14062120,4.03775520,,3.74193370
8/1/1989,4.127378,3.95410360,3.85380790,,3.57848850
9/1/1989,4.0212728,4.01230860,3.98294970,,3.79750900
10/1/1989,4.2239744,4.13459270,4.07097590,,3.82618760
11/1/1989,3.9988063,3.93494720,3.88613090,,3.68775220
12/1/1989,3.6603593,3.74972780,3.76267050,,3.66326450
1/1/1990,4.1516909,4.07487410,4.01812270,,3.79080500
2/1/1990,4.4318376,4.29362460,4.22426400,,3.97214270
3/1/1990,3.9925157,4.09877180,4.10940100,,3.95728430
4/1/1990,4.1347922,4.17520350,4.15714140,,3.95741810
5/1/1990,4.2465017,4.30570470,4.30820330,,4.13665210
6/1/1990,4.1908762,4.16032880,4.13496600,,3.95429830
7/1/1990,4.0715514,4.08247020,4.05704420,,3.86380410
8/1/1990,4.1266926,4.07538400,4.03203480,,3.82569580
9/1/1990,4.7322385,4.48075850,4.37663980,,4.07342670
10/1/1990,5.0042957,4.57855610,4.40186440,,3.99257680
11/1/1990,4.9594235,4.51818570,4.35092260,,3.97991870
12/1/1990,4.8876822,4.42779780,4.24572430,,3.85662720
1/1/1991,4.0730006,3.97492260,3.94424030,,3.80459710
2/1/1991,3.7918137,3.80904940,3.81445020,,3.72591270
3/1/1991,3.7886339,3.87273570,3.91197010,,3.86816940
4/1/1991,3.7570386,3.83349660,3.85246050,,3.76559840
5/1/1991,3.6422551,3.75559820,3.80437120,,3.78276170
6/1/1991,3.5765848,3.75789100,3.83922560,,3.86532400
7/1/1991,3.8492682,3.92014660,3.95189410,,3.89068030
8/1/1991,3.7712021,3.85468760,3.89471350,,3.85523480
9/1/1991,3.5858551,3.67580900,3.71518520,,3.69041410
10/1/1991,3.5977558,3.61546150,3.63121260,,3.58985700
11/1/1991,3.4862803,3.53239280,3.56278890,,3.55320040
12/1/1991,3.5525591,3.52500560,3.53038670,,3.49561780
1/1/1992,3.2724393,3.30722400,3.34056540,,3.36882170
2/1/1992,3.3409544,3.44134360,3.50871540,,3.57512860
3/1/1992,3.5870624,3.59176060,3.61735000,,3.61002970
4/1/1992,3.3684803,3.50548620,3.58067000,,3.64129500
5/1/1992,3.4097229,3.51916110,3.59541590,,3.67118640
6/1/1992,3.5547337,3.55424750,3.58208020,,3.58717380
7/1/1992,3.2800719,3.33906340,3.38995250,,3.44686020
8/1/1992,3.113691,3.17984730,3.23470450,,3.31547970
9/1/1992,3.0056291,3.06968320,3.12160830,,3.20811610
10/1/1992,2.9535204,2.97448980,3.01056960,,3.08922780
11/1/1992,3.0830561,3.17418210,3.24195160,,3.34335780
12/1/1992,3.0122331,3.19025480,3.29279520,,3.43640610
1/1/1993,3.0462732,3.14956610,3.22135380,,3.32946520
2/1/1993,2.9146659,3.00511480,3.07121390,,3.18728190
3/1/1993,2.9762001,2.94902150,2.96275520,,3.01206710
4/1/1993,2.9080126,2.93782060,2.97636210,,3.06080570
5/1/1993,2.8227684,2.86026570,2.90406410,,3.00641620
6/1/1993,2.8107258,2.87794790,2.91968060,,2.99983390
7/1/1993,2.8204755,2.83856380,2.86801800,,2.94629200
8/1/1993,2.8309168,2.87257240,2.91015980,,2.99335460
9/1/1993,2.6860327,2.71913410,2.75274870,,2.84705060
10/1/1993,2.7698057,2.75456380,2.77239670,,2.84735160
11/1/1993,2.8056918,2.81566770,2.84049210,,2.91367740
12/1/1993,2.6618748,2.77800930,2.84672560,,2.98132980
1/1/1994,2.8546535,2.90163180,2.94086950,,3.02234980
2/1/1994,2.8042649,2.83257380,2.87115760,,2.96799930
3/1/1994,3.2724485,3.18588200,3.18463060,,3.20010880
4/1/1994,3.2195329,3.32943300,3.39822770,,3.47569390
5/1/1994,3.2434833,3.34068030,3.39784320,,3.45110280
6/1/1994,3.4229273,3.44254010,3.47478020,,3.49309510
7/1/1994,3.2848815,3.42476070,3.50993870,,3.60322770
8/1/1994,3.2882372,3.37572070,3.42155320,,3.44724970
9/1/1994,3.251555,3.37489310,3.43546600,,3.48039270
10/1/1994,3.4983836,3.60071460,3.65485550,,3.66937400
11/1/1994,3.5738487,3.68891370,3.75399240,,3.78005470
12/1/1994,3.9072213,3.88732760,3.89290380,,3.81502440
1/1/1995,3.7001702,3.81053310,3.86878630,,3.86664000
2/1/1995,3.5637152,3.68686350,3.75050150,,3.76906740
3/1/1995,3.474127,3.54510000,3.58233070,,3.57606540
4/1/1995,3.4644238,3.52441940,3.55029490,,3.52314080
5/1/1995,3.4662409,3.45171240,3.43041030,,3.32964960
6/1/1995,3.0571159,3.06759270,3.05766680,,3.01514300
7/1/1995,3.2567759,3.18896360,3.15604600,,3.08166790
8/1/1995,3.2675624,3.24718440,3.23164060,,3.17081790
9/1/1995,3.2099157,3.18091870,3.16581220,,3.11771320
10/1/1995,3.1309968,3.13269040,3.12093880,,3.07110010
11/1/1995,2.9833163,3.01563280,3.02352730,,3.02070280
12/1/1995,2.7518619,2.83716860,2.84563830,,2.83705330
1/1/1996,3.0038319,2.96664510,2.93748670,,2.88147350
2/1/1996,2.9196834,2.90322050,2.88898570,,2.86718360
3/1/1996,2.6168022,2.81607270,2.88188400,,2.96293210
4/1/1996,3.1333648,3.15764100,3.15379070,,3.10975210
5/1/1996,3.2478188,3.27480790,3.28776390,,3.27199340
6/1/1996,3.2261356,3.31480010,3.35275970,,3.36463550
7/1/1996,3.144873,3.23623110,3.26445360,,3.25897580
8/1/1996,3.1073244,3.20723240,3.24535200,,3.26375070
9/1/1996,3.1347765,3.27721050,3.32879500,,3.35206170
10/1/1996,3.1805381,3.25038570,3.27625120,,3.27413960
11/1/1996,3.0987135,3.15759250,3.18296850,,3.19534070
12/1/1996,2.9632444,3.02632830,3.04154250,,3.04050100
1/1/1997,3.1574043,3.21089670,3.23530350,,3.24210930
2/1/1997,3.1308768,3.18761060,3.21691310,,3.23700820
3/1/1997,3.2344619,3.27236540,3.28342260,,3.25760530
4/1/1997,3.2328116,3.33595420,3.37310980,,3.37331090
5/1/1997,3.1341546,3.25305060,3.29416200,,3.30548650
6/1/1997,3.201087,3.25703170,3.28550560,,3.29627540
7/1/1997,3.0903227,3.17124980,3.19676280,,3.19682960
8/1/1997,2.9692178,3.07299750,3.10994010,,3.13812460
9/1/1997,3.0134879,3.11211320,3.13899340,,3.14006380
10/1/1997,2.9881361,3.06051050,3.08934230,,3.11427570
11/1/1997,2.9327548,3.01741730,3.05208120,,3.09026910
12/1/1997,2.9354614,2.99945310,3.00839840,,2.99399030
1/1/1998,2.7570107,2.87834430,2.91426950,,2.95235630
2/1/1998,2.6177094,2.78199150,2.83737930,,2.91351250
3/1/1998,2.8714847,2.93895250,2.94967930,,2.94464820
4/1/1998,2.7267374,2.85531800,2.89095150,,2.92716050
5/1/1998,2.644841,2.82412720,2.88820660,,2.97411110
6/1/1998,2.4650222,2.71660430,2.80169970,,2.91597720
7/1/1998,2.7361812,2.84321350,2.87892640,,2.92755650
8/1/1998,2.7124419,2.82978150,2.86692480,,2.91543670
9/1/1998,2.5336411,2.64628700,2.67912720,,2.73925480
10/1/1998,2.3601762,2.36439880,2.35878190,,2.40741700
11/1/1998,2.3458166,2.42793540,2.45619220,,2.54411090
12/1/1998,2.2704824,2.38931180,2.42053650,,2.50163980
1/1/1999,2.395567,2.48266800,2.51001740,,2.58712650
2/1/1999,2.4182198,2.51393160,2.54544810,,2.62529730
3/1/1999,2.7113296,2.76350050,2.77223810,,2.78915400
4/1/1999,2.7007827,2.77150980,2.78293680,,2.79633770
5/1/1999,2.7428736,2.80321510,2.82008590,,2.84903280
6/1/1999,2.3467564,2.69110500,2.80192870,,2.93710650
7/1/1999,2.8008632,2.92387560,2.96505700,,3.01055030
8/1/1999,2.8129568,2.95853710,3.00700290,,3.05571150
9/1/1999,2.6882069,2.91534140,2.99722280,,3.09391210
10/1/1999,2.8762836,3.01633620,3.07185580,,3.13486100
11/1/1999,2.9859271,3.08044220,3.11732960,,3.14923320
12/1/1999,3.1640203,3.19567180,3.21378100,,3.21736450
1/1/2000,3.080288,3.20862190,3.25347380,,3.27436980
2/1/2000,3.1570678,3.28600470,3.33252070,,3.34882440
3/1/2000,3.2388566,3.32309820,3.34813870,,3.32866180
4/1/2000,3.1606735,3.21268940,3.21833780,,3.17823920
5/1/2000,3.3126257,3.33774690,3.33467470,,3.27242330
6/1/2000,3.7602013,3.53577550,3.46223700,,3.32628410
7/1/2000,3.0862813,3.13215450,3.13181170,,3.08851550
8/1/2000,3.1234906,3.14483810,3.13123740,,3.06543610
9/1/2000,3.1741185,3.13053670,3.08958050,,2.98901660
10/1/2000,3.1062109,3.08616840,3.05188280,,2.96115450
11/1/2000,3.0989798,3.06852500,3.03570220,,2.95587530
12/1/2000,3.1672986,3.05172130,2.98833370,,2.87612270
1/1/2001,2.6536536,2.64533610,2.60270520,,2.53329330
2/1/2001,2.632136,2.63393320,2.62639090,,2.64181590
3/1/2001,2.1422446,2.35514510,2.40763980,,2.49868750
4/1/2001,2.5592129,2.57612760,2.56974210,,2.58679400
5/1/2001,2.7238774,2.72875330,2.73177290,,2.76192940
6/1/2001,2.7511842,2.76925910,2.78757920,,2.84530510
7/1/2001,2.6878453,2.73440450,2.75474510,,2.80698290
8/1/2001,2.5859519,2.62131240,2.63441850,,2.68643730
9/1/2001,3.1152263,2.88872270,2.81455770,,2.74902670
10/1/2001,2.2912795,2.36907910,2.40700420,,2.52792630
11/1/2001,2.0813513,2.19425600,2.24408560,,2.39653740
12/1/2001,2.7313753,2.61127910,2.59129830,,2.63934620
1/1/2002,2.2902539,2.48470760,2.58442730,,2.78993690
2/1/2002,2.1457897,2.37114010,2.48196100,,2.71237690
3/1/2002,2.013877,2.30767170,2.44212790,,2.70465510
4/1/2002,2.5878316,2.71105170,2.78938790,,2.95203560
5/1/2002,2.6186536,2.63346490,2.67070430,,2.79278480
6/1/2002,2.3419254,2.47018760,2.54719790,,2.73036860
7/1/2002,2.3480992,2.42447860,2.48206970,,2.64739910
8/1/2002,2.1314545,2.18337120,2.22608300,,2.39261050
9/1/2002,2.0411286,2.04351060,2.06479100,,2.21752560
10/1/2002,2.0053377,1.97019170,1.97695830,,2.12001920
11/1/2002,2.0305948,2.01511510,2.03419390,,2.19351270
12/1/2002,1.9511579,2.04593630,2.11098960,,2.32740910
1/1/2003,2.0790118,2.07176630,2.09203300,,2.24393940
2/1/2003,2.1065381,2.08478250,2.10014590,,2.24556410
3/1/2003,1.903343,1.89731560,1.91485380,,2.07838640
4/1/2003,1.9895133,1.96683970,1.97531170,,2.11669010
5/1/2003,1.8385312,1.89379310,1.93197660,,2.11707770
6/1/2003,2.2847306,2.01962810,1.94095180,,1.97881420
7/1/2003,1.6263355,1.70299040,1.75167470,,1.97345100
8/1/2003,1.8526073,1.98217350,2.05756040,,2.28947090
9/1/2003,1.9804944,2.10006300,2.17463480,,2.39661640
10/1/2003,1.7885532,1.84922930,1.89638090,,2.10632590
11/1/2003,1.9308072,2.01634050,2.07726360,,2.29113690
12/1/2003,2.2234564,2.18930690,2.21047100,,2.36537930
1/1/2004,1.9069713,2.01535890,2.08706390,,2.31675010
2/1/2004,1.9871939,2.02705270,2.07428050,,2.27545740
3/1/2004,1.7042839,1.84189850,1.92044590,,2.17168560
4/1/2004,1.8527671,1.89513820,1.93990830,,2.14807680
5/1/2004,2.2141024,2.23160220,2.27481060,,2.45468940
6/1/2004,2.5740778,2.46114540,2.45967130,,2.56736820
7/1/2004,2.2558469,2.28119440,2.32638030,,2.50185700
8/1/2004,2.3408529,2.31051570,2.33175950,,2.47165180
9/1/2004,2.6767708,2.40397800,2.33406950,,2.35586560
10/1/2004,2.145831,2.16122110,2.19236750,,2.35055150
11/1/2004,2.2068239,2.17667200,2.18507640,,2.30709120
12/1/2004,1.7525286,1.99943940,2.10357020,,2.34694220
1/1/2005,2.1405957,2.18293270,2.21762010,,2.36875120
2/1/2005,2.1370072,2.19056700,2.22547410,,2.37065330
3/1/2005,2.3342418,2.34875160,2.36769240,,2.47490400
4/1/2005,2.4622893,2.43585650,2.44018180,,2.52159460
5/1/2005,2.5780667,2.43159780,2.38634430,,2.40355540
6/1/2005,2.3619011,2.27579400,2.24772770,,2.29496120
7/1/2005,2.3318043,2.30601530,2.29734850,,2.35981200
8/1/2005,2.4638191,2.44058910,2.42983440,,2.47095780
9/1/2005,2.3538136,2.36302600,2.34327220,,2.35365650
10/1/2005,2.8474638,2.68041090,2.61073710,,2.54926170
11/1/2005,3.0510174,2.80532080,2.70039540,,2.57587440
12/1/2005,3.2271725,2.88323470,2.74296950,,2.57025120
1/1/2006,2.4027758,2.43364460,2.42614130,,2.44887270
2/1/2006,2.5082827,2.52090660,2.50709890,,2.51356420
3/1/2006,1.768612,2.15939270,2.27982680,,2.47412540
4/1/2006,2.6830379,2.67049050,2.64712040,,2.62574210
5/1/2006,2.8830197,2.77615360,2.72332660,,2.66359070
6/1/2006,2.7447553,2.71554520,2.68977340,,2.66582870
7/1/2006,2.8005219,2.76796100,2.74438100,,2.72192300
8/1/2006,2.8670646,2.75824470,2.69712780,,2.61940380
9/1/2006,2.6513028,2.61668080,2.57304540,,2.51748030
10/1/2006,2.4007047,2.47416670,2.47299550,,2.48575300
11/1/2006,1.8893923,2.19200570,2.26460960,,2.37897910
12/1/2006,1.9891528,2.22131580,2.26730480,,2.34679560
1/1/2007,2.6838116,2.61918450,2.57396510,,2.52931180
2/1/2007,2.6396415,2.62830590,2.60154730,,2.57563040
3/1/2007,2.7976602,2.64337290,2.55939160,,2.45944150
4/1/2007,2.7184483,2.61038510,2.54678150,,2.47860220
5/1/2007,2.9243064,2.71372920,2.62235780,,2.52448100
6/1/2007,3.214615,2.93008430,2.81527650,,2.67181960
7/1/2007,2.614408,2.62886020,2.62387760,,2.63992930
8/1/2007,2.6534371,2.58011230,2.53230220,,2.48981740
9/1/2007,2.5740481,2.48579130,2.43745290,,2.41152170
10/1/2007,2.2920506,2.34380040,2.36284860,,2.45205430
11/1/2007,2.6320037,2.51988190,2.45176820,,2.38405530
12/1/2007,2.5437758,2.33080790,2.22877030,,2.14704270
1/1/2008,2.466622,2.28532590,2.20712950,,2.17466600
2/1/2008,2.2977869,2.10384900,2.04069840,,2.07257330
3/1/2008,1.9336763,1.86952180,1.84689130,,1.94129780
4/1/2008,2.0175043,1.92117710,1.89785100,,2.00110920
5/1/2008,2.2868435,2.15350280,2.12832990,,2.22015590
6/1/2008,2.7285115,2.43647710,2.34077230,,2.30346550
7/1/2008,2.9490198,2.55534950,2.42630680,,2.34307800
8/1/2008,3.0525448,2.59154720,2.44486800,,2.34712430
9/1/2008,2.7309252,2.37158540,2.25603000,,2.20969560
10/1/2008,1.6072395,1.80296980,1.88128290,,2.10668210
11/1/2008,0.78457206,1.38175190,1.59571830,,2.00720920
12/1/2008,0.28299557,0.90262758,1.11982270,,1.58069810
1/1/2009,0.47357505,0.99968559,1.19048640,,1.62130400
2/1/2009,0.38164688,0.98104291,1.20087630,,1.67010250
3/1/2009,-0.48067803,0.55547583,0.93470595,,1.63276550
4/1/2009,1.2289362,1.36802560,1.43163920,,1.69626530
5/1/2009,1.2972457,1.47679590,1.56433980,,1.85709460
6/1/2009,1.2745119,1.55617640,1.68090710,,2.00732660
7/1/2009,1.5522347,1.69577570,1.77531290,,2.04202410
8/1/2009,2.0245319,1.93790790,1.93794270,,2.09349210
9/1/2009,2.3608109,2.07147130,2.00175200,,2.06881710
10/1/2009,1.6283633,1.66903480,1.71623150,,1.95615550
11/1/2009,1.8070337,1.78698000,1.81475840,,2.02336260
12/1/2009,1.7866037,1.71209510,1.71781550,,1.90640850
1/1/2010,1.6957593,1.76849880,1.83344400,,2.09113250
2/1/2010,1.7316171,1.74301960,1.78446490,,2.01655290
3/1/2010,1.9701388,1.84677660,1.83994830,,2.00675990
4/1/2010,1.587202,1.71083850,1.78969360,,2.06312750
5/1/2010,1.562963,1.67794210,1.75259980,,2.02340550
6/1/2010,1.3532178,1.50343800,1.58685720,,1.88113190
7/1/2010,0.96279857,1.24198200,1.36715930,,1.73047090
8/1/2010,1.3411201,1.40282200,1.45006720,,1.70868110
9/1/2010,0.90713698,1.13161400,1.23436800,,1.58076200
10/1/2010,1.3652619,1.33787530,1.35063420,,1.57423670
11/1/2010,1.3962369,1.33372490,1.33451020,,1.54606380
12/1/2010,1.4938723,1.46726840,1.48158190,,1.69451930
1/1/2011,1.7900451,1.77890400,1.79836240,,1.96700540
2/1/2011,1.9547432,1.86886870,1.86141320,,1.99015150
3/1/2011,2.1063793,1.97201950,1.94818120,,2.04833500
4/1/2011,2.0757372,1.98332950,1.97727100,,2.09921500
5/1/2011,2.292302,2.04336380,1.98016240,,2.03229300
6/1/2011,2.1177045,1.88457430,1.82410560,,1.89412200
7/1/2011,2.432348,2.08020720,1.98021640,,1.98897340
8/1/2011,1.5113148,1.51340290,1.53412310,,1.73136420
9/1/2011,1.008876,1.18124530,1.26086040,,1.55831050
10/1/2011,1.4656093,1.40650780,1.40419020,,1.58833610
11/1/2011,1.5052488,1.43509880,1.42974670,,1.60858420
12/1/2011,1.7116627,1.55048190,1.51244400,,1.64221250
1/1/2012,1.4714419,1.41549800,1.41503570,,1.60117440
2/1/2012,1.5014226,1.40059950,1.38155820,,1.54588620
3/1/2012,1.3620536,1.35717390,1.37289620,,1.58014750
4/1/2012,1.6869361,1.54522270,1.51353070,,1.64972010
5/1/2012,1.5903147,1.45638310,1.42133770,,1.55534380
6/1/2012,0.78930567,1.00546310,1.09499230,,1.41563580
7/1/2012,1.2966497,1.27633830,1.28305840,,1.48527890
8/1/2012,1.3700924,1.31439550,1.30509790,,1.48040900
9/1/2012,1.9315046,1.60197670,1.49431970,,1.52924920
10/1/2012,1.6131067,1.43621800,1.38488440,,1.50265040
11/1/2012,1.6632266,1.47227020,1.41426120,,1.51795080
12/1/2012,2.1029068,1.67801950,1.53642550,,1.52626190
1/1/2013,1.3155854,1.29374530,1.29705460,,1.48905590
2/1/2013,1.3608065,1.34786040,1.35300430,,1.53819460
3/1/2013,1.0049408,1.11186210,1.15774920,,1.41188580
4/1/2013,1.4563149,1.34749580,1.31686670,,1.46184350
5/1/2013,1.1780254,1.18758900,1.20067780,,1.41384880
6/1/2013,1.3532103,1.34662570,1.35640580,,1.55034420
7/1/2013,1.0030329,1.22957530,1.32689170,,1.63456800
8/1/2013,1.797427,1.66201220,1.63293130,,1.75807970
9/1/2013,2.202423,1.90873090,1.82608620,,1.86880060
10/1/2013,1.5555239,1.53758740,1.54752000,,1.72469340
11/1/2013,1.4505754,1.48016590,1.50901560,,1.71630450
12/1/2013,1.9240314,1.73408970,1.68662350,,1.78513890
1/1/2014,1.6382453,1.63555630,1.65845030,,1.84900710
2/1/2014,1.5858281,1.56573350,1.58078190,,1.76908380
3/1/2014,1.2194617,1.38282810,1.46384810,,1.74519380
4/1/2014,1.653011,1.65623640,1.68217060,,1.87485000
5/1/2014,1.76839,1.70654380,1.70859260,,1.86879020
6/1/2014,1.5265458,1.57269300,1.61311270,,1.83009010
7/1/2014,1.8594911,1.75384150,1.74143930,,1.88238070
8/1/2014,1.8065541,1.73765740,1.73392190,,1.87907410
9/1/2014,2.1150395,1.89628230,1.84043890,,1.91311830
10/1/2014,1.6022445,1.63726880,1.67210410,,1.87270960
11/1/2014,1.321155,1.48209980,1.55818410,,1.81574370
12/1/2014,2.1860996,1.90050340,1.81649400,,1.85213750
1/1/2015,0.91604112,1.25126010,1.37657760,,1.69437040
2/1/2015,0.38334206,0.90803706,1.10137670,,1.53395260
3/1/2015,0.79843856,1.19057230,1.34188060,,1.70348730
4/1/2015,1.5899931,1.55363330,1.55341280,,1.71228540
5/1/2015,1.7028274,1.64798470,1.64457050,,1.79376700
6/1/2015,1.7750546,1.69511420,1.68477850,,1.82403560
7/1/2015,1.8011251,1.73683440,1.73507900,,1.88295110
8/1/2015,1.7247986,1.66499230,1.66332930,,1.81778500
9/1/2015,1.92835583,1.77111202,1.73447962,,1.83859304
10/1/2015,1.3119821,1.43036230,1.49221830,,1.74259510
11/1/2015,1.3066673,1.46004440,1.53676760,,1.80292600
12/1/2015,1.46795515,1.54426566,1.59141793,,1.81273123
1/1/2016,1.47498776,1.56591799,1.62049185,,1.85042813
2/1/2016,1.11589387,1.32438879,1.41600790,,1.70716940
3/1/2016,0.78224551,1.13880477,1.28209371,,1.64890624
4/1/2016,1.68966418,1.60181803,1.58302668,,1.71603963
5/1/2016,1.66012215,1.60055369,1.59551464,,1.74893221
6/1/2016,1.28116185,1.41347644,1.47635487,,1.72374515
7/1/2016,1.64813436,1.52588979,1.49643904,,1.63004592
8/1/2016,1.5900866,1.50597183,1.49209539,,1.64768851
9/1/2016,2.06443724,1.77030130,1.68219280,,1.72789683
10/1/2016,1.74399736,1.60811718,1.57723947,,1.70459005
11/1/2016,1.90220184,1.70959141,1.66022882,,1.75829573
12/1/2016,2.2917332,2.00056006,1.91950174,,1.95369171
1/1/2017,2.1027318,1.90844919,1.85598381,,1.92241681
2/1/2017,1.94277371,1.83305118,1.81186181,,1.92235723
3/1/2017,1.50314821,1.62156608,1.67685786,,1.88654098
4/1/2017,1.71866969,1.70730304,1.71382581,,1.85758237
5/1/2017,1.56480634,1.62428943,1.65713217,,1.84054543
6/1/2017,0.95868776,1.28483615,1.41050553,,1.73020088
7/1/2017,1.71215951,1.70031704,1.70623699,,1.84955694
8/1/2017,1.65217832,1.65485624,1.66457208,,1.81533850
9/1/2017,2.05780237,1.86086154,1.79780306,,1.84386995
10/1/2017,1.95269933,1.83747409,1.80623927,,1.89298914
11/1/2017,2.06917502,1.91037050,1.86359373,1.99,1.92496508
12/1/2017,2.82407476,2.30590212,2.13176410,2.06,2.01118703
1/1/2018,1.9048938,1.85533550,1.84740379,2.24,1.95641907
2/1/2018,2.13804094,2.03024294,2.00326161,2.20,2.07333165
3/1/2018,1.68874433,1.77299649,1.80943648,2.18,1.97024161
4/1/2018,1.84679022,1.85654229,1.86516322,2.24,1.98436343
5/1/2018,1.96778394,1.97104317,1.98055495,2.11,2.09161804
6/1/2018,1.59099529,1.77214047,1.84460983,2.16,2.04590296
7/1/2018,2.12308939,2.04854296,2.02842162,2.24,2.09571821
8/1/2018,2.12845808,2.07587707,2.06484981,2.18,2.14036185
9/1/2018,2.41001454,2.20600214,2.13895918,2.25,2.13615266
10/1/2018,2.21216657,2.13500161,2.11315544,2.20,2.16677604
11/1/2018,2.16701625,2.11248367,2.09609593,2.17,2.15417847
12/1/2018,1.98107002,1.99598892,2.00116176,1.91,2.09134924
1/1/2019,1.8039584,1.84144659,1.85078418,2.00,1.95832446
2/1/2019,1.78943106,1.84015240,1.85525939,2.06,1.97069441
3/1/2019,1.37532429,1.49661857,1.52885041,1.98,1.69207771
4/1/2019,2.0373803,1.83210405,1.74803278,2.05,1.74737586
5/1/2019,2.18513987,1.92982464,1.82964349,1.90,1.80265678
6/1/2019,1.60914045,1.56961619,1.54419276,1.85,1.63705342
7/1/2019,1.74765616,1.64996184,1.60690490,1.96,1.67609847
8/1/2019,1.71433646,1.62190871,1.58176413,1.75,1.65909585
9/1/2019,1.64492794,1.53205520,1.48327893,1.71,1.56044845
10/1/2019,1.72460183,1.60812094,1.56289383,1.64,1.64198724
11/1/2019,1.69729979,1.60960034,1.57877680,1.72,1.67935282
12/1/2019,1.70378442,1.63171633,1.60765922,1.86,1.71452550
1/1/2020,1.79710932,1.68281369,1.64544221,1.70,1.73467730
2/1/2020,1.64596366,1.54870456,1.51449051,1.49,1.61900368
3/1/2020,0.98707392,1.08291786,1.09480995,1.25,1.26977517
4/1/2020,-0.05035367,0.50532993,0.69723834,1.42,1.15834975
5/1/2020,-0.21879037,0.42402389,0.65015429,1.47,1.16234276
6/1/2020,0.51275711,0.80270935,0.90194941,1.52,1.23186673
7/1/2020,1.57200144,1.35251073,1.27186001,1.70,1.34690049
8/1/2020,1.67677177,1.38970582,1.28799505,1.91,1.34095578
9/1/2020,1.5827644,1.34650100,1.26585860,1.76,1.35099923
10/1/2020,1.39703767,1.24958180,1.20238116,1.81,1.33753773
11/1/2020,1.42002946,1.27841340,1.23592866,1.86,1.37663264
12/1/2020,1.64952129,1.40430401,1.32656194,2.03,1.41717038
1/1/2021,1.4460926,1.28735871,1.24084221,2.05,1.37942385
2/1/2021,1.67548668,1.41831029,1.33820857,1.91,1.42757598
3/1/2021,1.51383809,1.38816905,1.35491656,2.20,1.49740360
4/1/2021,1.75471736,1.55547772,1.49404545,2.25,1.58314707
5/1/2021,1.86820734,1.60378084,1.51928111,2.27,1.57835302
6/1/2021,2.05518859,1.70412347,1.58692280,2.17,1.59628851
7/1/2021,2.07311612,1.72471671,1.61081723,2.24,1.62481074
8/1/2021,2.46241259,1.87371462,1.67437008,2.18,1.58016294
9/1/2021,2.68413713,2.00717467,1.77920278,2.23,1.64278592
10/1/2021,1.85436755,1.61472482,1.54089021,2.13,1.61273952
11/1/2021,2.4798405,1.98741010,1.82461512,2.20,1.75849648
12/1/2021,2.62030861,2.04889372,1.85916906,2.25,1.75897506
1/1/2022,2.24175848,1.89256809,1.78533218,2.06,1.79656350
2/1/2022,2.62741883,2.14411316,1.98968776,2.13,1.92112169
3/1/2022,3.05769883,2.37197211,2.13836818,2.34,1.94721641
4/1/2022,3.39290341,2.67083134,2.43216898,2.46,2.21125412
5/1/2022,3.63465785,2.87671049,2.62660234,2.32,2.37039462
6/1/2022,4.22671337,3.18112765,2.82148012,2.08,2.40126382
7/1/2022,3.3092777,2.67646389,2.45328116,2.33,2.22257318
8/1/2022,3.37713165,2.65936370,2.39323827,2.38,2.09959153
9/1/2022,4.17914969,3.18169492,2.81953276,2.16,2.36598926
10/1/2022,2.89063482,2.59554727,2.47888186,2.37,2.34902740
,,,,0,
,,,,0,
