Date,T5YIE,T10YIE,T5YIFR,Response 
3/17/2018,-0.00243902439,0,0.002369668246,-0.02636
3/18/2018,0,0,0,0.03023191323
3/19/2018,-0.002444987775,0,0.002364066194,-0.05562395633
3/20/2018,0.004901960784,0,-0.004716981132,0.1178004392
3/21/2018,-0.04390243902,0,0.05213270142,-0.01165393297
3/22/2018,0.03571428571,0,-0.04054054054,-0.03627225211
3/23/2018,-0.009852216749,0,0,-0.01459492152
3/24/2018,0,0,0.004694835681,-0.05726719324
3/25/2018,-0.01741293532,0,0.01635514019,-0.05945983446
3/26/2018,0.01772151899,0,-0.01149425287,-0.001367414678
3/27/2018,-0.03482587065,0,0.02325581395,0.002738574123
3/28/2018,-0.01546391753,-0.01,-0.004545454545,-0.009417177566
3/29/2018,0.005235602094,0,-0.004566210046,-0.08060678168
3/30/2018,0,0,0,-0.05290794615
3/31/2018,0.03645833333,0,-0.03211009174,0.01580523951
4/1/2018,0,0.01,0.01421800948,0.05279563356
4/2/2018,0,-0.01,-0.01401869159,-0.03536898488
4/3/2018,0,0.01,0.02843601896,0.07333163525
4/4/2018,0.02512562814,0,-0.02304147465,-0.08168205226
4/5/2018,-0.05392156863,0,0.05188679245,-0.01646122438
4/6/2018,0.0414507772,0,-0.04484304933,-0.0274303731
4/7/2018,0.002487562189,0,-0.00234741784,0.007064512643
4/8/2018,-0.002481389578,0,0.007058823529,0.02463952787
4/9/2018,0.004975124378,0,-0.009345794393,-0.01720075401
4/10/2018,-0.009900990099,0,0.01886792453,0.03500359626
4/11/2018,0.03,0.01,0,0.05738295627
4/12/2018,-0.004854368932,0.01,0.02314814815,0.1309560032
4/13/2018,-0.01951219512,0,0.01809954751,0.08399246704
4/14/2018,0.01741293532,0,-0.02,-0.005484959794
4/15/2018,0,0,0.004535147392,0.006733048838
4/16/2018,0.01711491443,0,-0.02483069977,-0.01216634276
4/17/2018,-0.03365384615,0.01,0.05092592593,0.02463237139
4/18/2018,0.01492537313,0.01,0.004405286344,0.06791798509
4/19/2018,0.03921568627,0,-0.02631578947,0.05292995267
4/20/2018,-0.009433962264,0,0.009009009009,0.1058005611
4/21/2018,0.002380952381,0,0.002232142857,0.01363786773
4/22/2018,0,0,0,0.08427057991
4/23/2018,0.002375296912,0,0.002227171492,-0.06531229615
4/24/2018,-0.004739336493,0,-0.004444444444,0.1397521244
4/25/2018,-0.004761904762,0,0.004464285714,-0.1009353341
4/26/2018,0.004784688995,0,0.004444444444,0.008599655714
4/27/2018,-0.004761904762,0,-0.004424778761,0.06569505562
4/28/2018,0.002392344498,0,-0.002222222222,0.02746636771
4/29/2018,0,0,-0.004454342984,0.01215127765
4/30/2018,0.002386634845,0,0.002237136465,0.01440580651
5/1/2018,-0.004761904762,0,-0.004464285714,-0.02840245279
5/2/2018,0,0,0.008968609865,0.03976956209
5/3/2018,0,0,-0.008888888889,0.0318257847
5/4/2018,0,0,0,-0.01422212091
5/5/2018,0.004784688995,0,0,-0.00401793457
5/6/2018,0.002380952381,0,-0.002242152466,-0.01642357539
5/7/2018,0.002375296912,0,0.002247191011,0.01259630832
5/8/2018,-0.004739336493,0,-0.004484304933,-0.02487923018
5/9/2018,0.01428571429,0.01,0.004504504505,-0.01210619986
5/10/2018,-0.004694835681,0,-0.004484304933,-0.03090863869
5/11/2018,0.004716981132,-0.01,-0.02252252252,-0.09938056228
5/12/2018,-0.00234741784,0,0.002304147465,0.01447595428
5/13/2018,0.004705882353,0.01,0.009195402299,-0.01210943283
5/14/2018,-0.007025761124,-0.01,-0.006833712984,0.02670217222
5/15/2018,0.0141509434,0.01,0.01376146789,-0.05201541974
5/16/2018,0.004651162791,0,-0.01357466063,-0.04830788181
5/17/2018,0,0,-0.009174311927,-0.008545732112
5/18/2018,-0.009259259259,0,0,0.01057758289
5/19/2018,0.002336448598,0,0.002314814815,0.001680992365
5/20/2018,-0.002331002331,0,0.002309468822,-0.01738106064
5/21/2018,0.004672897196,0,0,0.01939636134
5/22/2018,-0.009302325581,0,0,-0.03805460188
5/23/2018,-0.004694835681,0,-0.004608294931,-0.1055792445
5/24/2018,-0.004716981132,-0.01,-0.01388888889,0.03978858716
5/25/2018,-0.03317535545,-0.01,0.004694835681,-0.02884712959
5/26/2018,0,0,0,-0.02689699065
5/27/2018,-0.02941176471,-0.02,-0.01869158879,-0.001161649933
5/28/2018,0.005050505051,0,0.004761904762,-0.0265095801
5/29/2018,-0.005025125628,0,-0.004739336493,0.05446295014
5/30/2018,0.0101010101,0.01,0.009523809524,-0.03016166194
5/31/2018,0.015,0,-0.004716981132,0.05975497222
6/1/2018,0.01477832512,0.01,0.004739336493,-0.02336201866
6/2/2018,0,0.01,0.0141509434,0.02554277205
6/3/2018,-0.002427184466,0.01,0.02093023256,0.0387101846
6/4/2018,0.002433090024,0,-0.006833712984,-0.01328916966
6/5/2018,-0.004854368932,0,0.01376146789,0.02693630039
6/6/2018,0.00487804878,0,0.004524886878,-0.02569374879
6/7/2018,0.009708737864,0,-0.01801801802,0.02881545482
6/8/2018,-0.009615384615,-0.01,-0.009174311927,-0.01497286825
6/9/2018,0.004854368932,0,0.00462962963,-0.08681973924
6/10/2018,0.002415458937,0,0.006912442396,-0.1135031357
6/11/2018,0.002409638554,0,-0.002288329519,0.02078867232
6/12/2018,-0.004807692308,0,0.004587155963,-0.04073060934
6/13/2018,0.009661835749,0,-0.01826484018,-0.04219058739
6/14/2018,-0.00956937799,0,0.009302325581,0.1007220386
6/15/2018,0.004830917874,0,-0.004608294931,-0.0289009339
6/16/2018,0,0,0,0.00360773305
6/17/2018,-0.002403846154,0,0.002314814815,0.01228666332
6/18/2018,0.002409638554,0,-0.002309468822,-0.008586400997
6/19/2018,-0.004807692308,0,0.00462962963,0.01732153161
6/20/2018,-0.004830917874,0,0.004608294931,-0.007555488966
6/21/2018,-0.004854368932,0,-0.004587155963,-0.01582988268
6/22/2018,0.009756097561,0,0,-0.09805189113
6/23/2018,-0.002415458937,0,-0.006912442396,-0.01514838616
6/24/2018,0,0,0,-0.03583851391
6/25/2018,-0.002421307506,0,-0.006960556845,0.02121752925
6/26/2018,0.004854368932,0.01,0.01401869159,-0.04155339806
6/27/2018,0,0,-0.009216589862,0.001542322372
6/28/2018,0,0,-0.009302325581,-0.01934069376
6/29/2018,-0.004830917874,0,0.01408450704,-0.05232620036
6/30/2018,0.002427184466,0.01,0.01157407407,0.08647418974
7/1/2018,0.004842615012,0,0,0.07630864676
7/2/2018,-0.002409638554,0,0.0114416476,0.003050171722
7/3/2018,0.004830917874,-0.01,-0.02262443439,-0.006081792932
7/4/2018,0.003205128205,0,0,0.009202601783
7/5/2018,0.006389776358,0,0,-0.04095053948
7/6/2018,-0.009523809524,0,0,0.0009582716264
7/7/2018,0.004807692308,0,0,-0.0006030088276
7/8/2018,0.002392344498,0,0.002314814815,-0.03130695496
7/9/2018,0.002386634845,0,-0.002309468822,0.0316958839
7/10/2018,-0.004761904762,0,0.00462962963,-0.06144423836
7/11/2018,-0.00956937799,-0.01,-0.009216589862,-0.01339575845
7/12/2018,-0.004830917874,0,-0.004651162791,-0.02110583839
7/13/2018,0.004854368932,0,0.004672897196,0.008294766332
7/14/2018,-0.004830917874,0,0,0.06448427562
7/15/2018,-0.009708737864,0,0,0.09808650703
7/16/2018,0.004901960784,0,0,-0.03415810723
7/17/2018,-0.009756097561,0,0,0.07073229581
7/18/2018,0,0,0,0.01783601681
7/19/2018,-0.009852216749,0,0.009302325581,-0.01551983705
7/20/2018,0.004975124378,0.01,0.01382488479,-0.06154001844
7/21/2018,-0.002475247525,0,0.002272727273,0.009046141312
7/22/2018,-0.004962779156,0,0.004535147392,0.03768880023
7/23/2018,0.002493765586,0,-0.002257336343,-0.02768051264
7/24/2018,-0.004975124378,0,0.004524886878,0.05693707265
7/25/2018,0.005,0.01,0.01351351351,0.004520705052
7/26/2018,-0.004975124378,-0.01,-0.01333333333,0.006628609433
7/27/2018,0,0,0.009009009009,-0.02009624173
7/28/2018,0.0025,0,0.002232142857,-0.02215467254
7/29/2018,0,0,0,-0.04620962691
7/30/2018,0.002493765586,0,0.002227171492,0.02469410992
7/31/2018,-0.004975124378,0,-0.004444444444,-0.04819801282
8/1/2018,0,0,0.008928571429,-0.01796259235
8/2/2018,-0.005,0,-0.004424778761,-0.03172646304
8/3/2018,0.005025125628,0,-0.004444444444,-0.005040925036
8/4/2018,-0.005,0,0,-0.02198950145
8/5/2018,0,0,0.004464285714,-0.02504072205
8/6/2018,-0.005025125628,0,-0.004444444444,0.002622479373
8/7/2018,0.0101010101,0.01,0.008928571429,-0.005231239927
8/8/2018,-0.01,-0.01,-0.008849557522,-0.1284343206
8/9/2018,-0.005050505051,0,0.004464285714,0.02660806276
8/10/2018,0.005076142132,-0.01,-0.02222222222,-0.01381088298
8/11/2018,0.002525252525,0,0.002272727273,-0.0557604332
8/12/2018,0.002518891688,0,-0.002267573696,-0.09415399827
8/13/2018,0,0,0.004545454545,0.03874911314
8/14/2018,0,0,-0.009049773756,-0.07460726107
8/15/2018,-0.01005025126,0,0,0.07127311266
8/16/2018,0,0,0,0.008532815122
8/17/2018,-0.005076142132,0,0.004566210046,0.0623948991
8/18/2018,-0.002551020408,0,-0.002272727273,-0.01658697444
8/19/2018,0.002557544757,0,-0.002277904328,-0.03105928509
8/20/2018,-0.005102040816,0,0,0.01464748276
8/21/2018,0.01025641026,0,0,-0.02887206249
8/22/2018,-0.005076142132,0,0.004566210046,-0.02014224251
8/23/2018,0.01530612245,0,-0.004545454545,0.006290548048
8/24/2018,0,0,0,0.03073963917
8/25/2018,0.002512562814,0,0.006849315068,0.01686393089
8/26/2018,0,0,0.009070294785,0.06370325058
8/27/2018,0.002506265664,0,-0.002247191011,-0.0442971246
8/28/2018,-0.005,0,0.004504504505,0.09270062012
8/29/2018,0.005025125628,0,0.004484304933,-0.02790142719
8/30/2018,-0.005,-0.01,-0.01339285714,-0.04717619475
8/31/2018,-0.005025125628,-0.01,-0.01357466063,0.05250119734
9/1/2018,0,0,0,0.02462733407
9/2/2018,0.005050505051,0.01,0.01376146789,0.02231257513
9/3/2018,-0.002512562814,0,-0.002262443439,0.001685229154
9/4/2018,0.002518891688,0,0.002267573696,-0.003364787869
9/5/2018,-0.005025125628,0,-0.004524886878,-0.1198307425
9/6/2018,-0.005050505051,0,-0.004545454545,-0.04316546763
9/7/2018,0.005076142132,0.01,0.01369863014,-0.004187007804
9/8/2018,0,0,0,-0.02385893972
9/9/2018,0.007575757576,0,0.002252252252,-0.04385281584
9/10/2018,-0.007518796992,0,-0.002247191011,0.02030096808
9/11/2018,0.01515151515,0.01,0.004504504505,-0.03979407786
9/12/2018,0.004975124378,0,-0.004484304933,0.002641568505
9/13/2018,-0.0198019802,-0.01,0,0.05292636756
9/14/2018,0.0101010101,0,-0.009009009009,0.02042518488
9/15/2018,-0.0025,0,0.002272727273,-0.02998819362
9/16/2018,0.002506265664,0.01,0.01133786848,-0.01204029661
9/17/2018,-0.005,-0.01,-0.008968609865,-0.01910502075
9/18/2018,0.01005025126,0.01,0.01809954751,0.03895426352
9/19/2018,0.004975124378,0.01,0.01333333333,0.02295002697
9/20/2018,0,0,0,0.03061651183
9/21/2018,0,0,0,0.1764778521
9/22/2018,0.002475247525,0,0.002192982456,-0.02376632529
9/23/2018,0.007407407407,0,-0.002188183807,-0.06459466101
9/24/2018,-0.004901960784,0,0.004385964912,0.04302920337
9/25/2018,0.009852216749,0,-0.008733624454,-0.08250814691
9/26/2018,-0.00487804878,-0.01,-0.01321585903,0.06678105697
9/27/2018,0,0,0.008928571429,0.06699157177
9/28/2018,-0.004901960784,0,-0.004424778761,-0.02980237273
9/29/2018,0.002463054187,0,-0.002222222222,-0.004513673089
9/30/2018,0,0,-0.008908685969,-0.007702572987
10/1/2018,0.002457002457,0,0.006741573034,0.003193028816
10/2/2018,-0.004901960784,-0.01,-0.01339285714,-0.006365731667
10/3/2018,0.0197044335,0.02,0.01809954751,-0.03768166254
10/4/2018,-0.004830917874,0,0.004444444444,0.03463146675
10/5/2018,-0.004854368932,0,0.004424778761,-0.009667654564
10/6/2018,0,0,0,0.01923600109
10/7/2018,0,0,0.008810572687,0.01055127259
10/8/2018,-0.00243902439,0,-0.002183406114,0.008234800578
10/9/2018,0.002444987775,0,0.002188183807,-0.01633508499
10/10/2018,-0.00487804878,0,-0.004366812227,-0.01107612289
10/11/2018,-0.02450980392,-0.02,-0.01315789474,-0.1076452696
10/12/2018,0,0,0,0.00493529088
10/13/2018,0.002512562814,0,0.002222222222,0.0163584009
10/14/2018,0.005012531328,0,0,0.02013626962
10/15/2018,-0.002493765586,0,0.0022172949,-0.003961391343
10/16/2018,0.005,0,-0.004424778761,0.007954292752
10/17/2018,-0.004975124378,0,0.004444444444,0.01291494128
10/18/2018,-0.005,-0.01,-0.02212389381,-0.02305436877
10/19/2018,-0.005025125628,0,0.01357466063,0.003481452263
10/20/2018,0,0,0,-0.002965203719
10/21/2018,-0.0101010101,0,0,-0.002631195523
10/22/2018,0.01020408163,0,0,-0.0003437312022
10/23/2018,-0.0202020202,-0.01,0,0.0006876987879
10/24/2018,-0.005154639175,-0.01,-0.01339285714,0.001580620222
10/25/2018,-0.0103626943,-0.01,-0.009049773756,-0.005008834074
10/26/2018,0.01047120419,0,0,-0.003137660547
10/27/2018,-0.002590673575,0,0.002283105023,-0.0255694101
10/28/2018,-0.005194805195,0,0,-0.02520210491
10/29/2018,0.002610966057,0,0.002277904328,-0.001065098453
10/30/2018,-0.005208333333,0,-0.004545454545,0.002132468195
10/31/2018,-0.005235602094,0,0.004566210046,0.01549569867
11/1/2018,-0.01052631579,-0.01,-0.01818181818,0.0002149189576
11/2/2018,0.01595744681,0.02,0.02314814815,0.02886457643
11/3/2018,0,0,0,0.02850728345
11/4/2018,0.002617801047,0,0.002262443439,0.05086552617
11/5/2018,-0.002610966057,0,-0.002257336343,-0.02202792136
11/6/2018,0.005235602094,0,0.004524886878,0.04504816004
11/7/2018,0.005208333333,0,-0.004504504505,0.0002205731752
11/8/2018,-0.00518134715,0,0.004524886878,-0.02044577459
11/9/2018,-0.01041666667,-0.01,-0.01801801802,-0.02775499703
11/10/2018,0,0,0,0.001811084832
11/11/2018,-0.01052631579,-0.01,-0.009174311927,-0.007875120727
11/12/2018,-0.007978723404,0,-0.002314814815,0.009759790992
11/13/2018,0.008042895442,0,0.002320185615,-0.01933091628
11/14/2018,-0.01595744681,-0.01,-0.00462962963,-0.1488396323
11/15/2018,0,0,0,-0.002053307009
11/16/2018,0.01621621622,0.01,0.004651162791,-0.005064693546
11/17/2018,-0.007978723404,-0.01,-0.006944444444,-0.05817259893
11/18/2018,-0.01608579088,-0.01,-0.009324009324,-0.114368356
11/19/2018,0.008174386921,0.01,0.002352941176,0.05939567316
11/20/2018,-0.01621621622,-0.01,-0.004694835681,-0.1121312361
11/21/2018,-0.005494505495,0,0.004716981132,0.01852696675
11/22/2018,-0.01104972376,0,0.004694835681,-0.01575136238
11/23/2018,-0.01117318436,0,0.004672897196,-0.0715477575
11/24/2018,0.002824858757,0,-0.002325581395,-0.06555658425
11/25/2018,-0.01126760563,-0.01,-0.01398601399,-0.07028688823
11/26/2018,0.01424501425,0.01,0.01182033097,0.000141045934
11/27/2018,-0.02808988764,-0.03,-0.02336448598,-0.0002820520856
11/28/2018,0.005780346821,0.02,0.02392344498,0.173322884
11/29/2018,0.02873563218,0.02,0.01401869159,-0.04755670737
11/30/2018,-0.01117318436,-0.01,0,-0.04917388987
12/1/2018,-0.002824858757,0,-0.002304147465,-0.02448666509
12/2/2018,-0.008498583569,-0.01,-0.006928406467,-0.0298645134
12/3/2018,0.005714285714,0.01,0.004651162791,0.004909830572
12/4/2018,-0.01136363636,-0.01,-0.009259259259,-0.009771683832
12/5/2018,-0.02107279693,-0.02,-0.01090342679,-0.04843206666
12/6/2018,-0.00782778865,-0.01,-0.003149606299,-0.0596872428
12/7/2018,-0.005917159763,-0.01,-0.004739336493,-0.0955115188
12/8/2018,-0.008928571429,-0.01,-0.007142857143,0.01441898274
12/9/2018,-0.01801801802,-0.02,-0.01438848921,-0.00009539618034
12/10/2018,0.009174311927,0.01,0.007299270073,0.01431079225
12/11/2018,-0.01818181818,-0.02,-0.01449275362,-0.02821776591
12/12/2018,0,0,0,0.03678036316
12/13/2018,0,0,0,-0.06146607416
12/14/2018,-0.01234567901,-0.01,0,-0.03982811443
12/15/2018,-0.00625,0,0,0.101297033
12/16/2018,-0.006289308176,0,0,0.08458600643
12/17/2018,0,0,0,0.006817117383
12/18/2018,0,0,0,-0.01354191792
12/19/2018,-0.01265822785,-0.01,0,0.09340505799
12/20/2018,-0.01923076923,-0.02,-0.02450980392,0.05760015334
12/21/2018,0.01307189542,0.01,0,0.00900166138
12/22/2018,-0.009677419355,-0.01,-0.002512562814,0.05917133192
12/23/2018,-0.009771986971,-0.01,-0.002518891688,0.01851354598
12/24/2018,0,0,0,0.03667318819
12/25/2018,0.01315789474,0,-0.006734006734,-0.07075168648
12/26/2018,0.01948051948,0.01,0.001694915254,-0.01333794256
12/27/2018,-0.02547770701,-0.02,-0.01015228426,-0.08245255474
12/28/2018,-0.006535947712,-0.01,-0.005128205128,0.1366384522
12/29/2018,-0.003289473684,-0.01,-0.007731958763,-0.03545632699
12/30/2018,-0.003300330033,-0.01,-0.007792207792,-0.01760343652
12/31/2018,0,0,0,-0.01949951251
1/1/2019,-0.008830022075,-0.01,-0.006980802792,0.03977461054
1/2/2019,-0.004454342984,0,0.007029876977,0.05595966036
1/3/2019,0,-0.01,-0.02094240838,-0.03641802514
1/4/2019,0.06040268456,0.05,0.03743315508,0.01369941044
1/5/2019,0.009493670886,0.01,0.002577319588,0.02965554057
1/6/2019,0.02507836991,0.02,0.01028277635,0.03524114878
1/7/2019,-0.01529051988,-0.01,-0.007633587786,-0.006220511874
1/8/2019,0.03105590062,0.02,0.01538461538,0.0125188977
1/9/2019,0.01204819277,0.01,0,0.02108709889
1/10/2019,-0.01785714286,-0.01,-0.005050505051,-0.1254746024
1/11/2019,0.006060606061,0.01,0.0152284264,-0.01302472938
1/12/2019,-0.006024096386,-0.01,-0.005,-0.0006390251152
1/13/2019,-0.009090909091,-0.01,-0.002512562814,-0.02165152349
1/14/2019,0.003058103976,0,-0.002518891688,0.02147710173
1/15/2019,-0.006097560976,0,0.005050505051,-0.04205106839
1/16/2019,0.006134969325,0.01,0.005025125628,0.02305135295
1/17/2019,0,-0.02,-0.03,0.01424189973
1/18/2019,0.01829268293,0.02,0.02577319588,-0.01628742515
1/19/2019,0,0,0,-0.009982955929
1/20/2019,-0.02395209581,-0.02,-0.02010050251,0.004473069356
1/21/2019,0.003067484663,0,0.002564102564,-0.0144918665
1/22/2019,-0.003058103976,0,-0.002557544757,0.02940993789
1/23/2019,0.006134969325,0.01,0.005128205128,-0.01565752557
1/24/2019,-0.01219512195,-0.02,-0.02040816327,0.01845041069
1/25/2019,0.01234567901,0.01,0.01041666667,-0.01351188685
1/26/2019,-0.006097560976,0,0,-0.0404807663
1/27/2019,-0.006134969325,0,0,-0.04269727221
1/28/2019,0,0,0,0.0005313672744
1/29/2019,0,0,0,-0.001062170146
1/30/2019,0.03703703704,0.03,0.03092783505,0.04180096362
1/31/2019,0.0119047619,0.01,0,-0.0187541862
2/1/2019,0.01176470588,0.02,0.02,0.01147407769
2/2/2019,0,0,-0.004901960784,-0.0005141718619
2/3/2019,0,0,-0.004926108374,-0.003552826185
2/4/2019,0,0,0,0.003049223174
2/5/2019,0,0,0,-0.006079907354
2/6/2019,-0.005813953488,-0.01,-0.00495049505,-0.02958216008
2/7/2019,-0.01169590643,-0.01,-0.009950248756,0.004802721542
2/8/2019,0,-0.01,-0.02010050251,0.1231453513
2/9/2019,0,0,0,-0.0009900404882
2/10/2019,0.005917159763,0,0,0.006493410446
2/11/2019,-0.005882352941,0,0,-0.007436146136
2/12/2019,0.01183431953,0.01,0,0.01498371336
2/13/2019,0.02923976608,0.02,0.005128205128,-0.02870813397
2/14/2019,-0.01136363636,-0.01,0,-0.007989907485
2/15/2019,0.005747126437,0.01,0.005102040816,0.006510022407
2/16/2019,0,0,0,0.06353599471
2/17/2019,0.005714285714,0.01,0.005076142132,0.07614629593
2/18/2019,0.008522727273,0.01,0.002525252525,-0.01524510448
2/19/2019,-0.008450704225,-0.01,-0.002518891688,0.03096223142
2/20/2019,0.01704545455,0.01,0.005050505051,0.01172815534
2/21/2019,0.005586592179,0.01,0.01507537688,-0.03449511234
2/22/2019,0.01111111111,0,-0.009900990099,0.02327060694
2/23/2019,0,0,0.005,-0.02587546622
2/24/2019,0,0,0.004975124378,-0.03367545003
2/25/2019,0,0,0,0.007360528307
2/26/2019,0,0,0,-0.01461349358
2/27/2019,0.01098901099,0.01,0,-0.02852390852
2/28/2019,0,0.01,0.0198019802,0.03740797809
3/1/2019,0.005434782609,0.01,0.004854368932,0.01688808207
3/2/2019,-0.002702702703,-0.01,-0.007246376812,-0.0314706121
3/3/2019,-0.005420054201,-0.01,-0.009732360097,0.004719681631
3/4/2019,0.00272479564,0,0.002457002457,-0.03703806652
3/5/2019,-0.005434782609,-0.01,-0.004901960784,0.07692529731
3/6/2019,-0.01092896175,-0.01,-0.009852216749,0.006245141923
3/7/2019,-0.005524861878,-0.01,-0.004975124378,0.01158702253
3/8/2019,0,0,0,-0.001764225716
3/9/2019,0.005555555556,0,0,-0.005288841994
3/10/2019,0.002762430939,0,-0.0025,0.005913629192
3/11/2019,0.002754820937,0,0.002506265664,-0.01116456864
3/12/2019,-0.005494505495,-0.01,-0.005,0.02258124717
3/13/2019,0.01657458564,0.01,0.005025125628,0.001303577015
3/14/2019,0.005434782609,0.01,0.015,0.0002343383846
3/15/2019,0.005405405405,0,-0.004926108374,0.03490823897
3/16/2019,0.005376344086,0.01,0.00495049505,0.009759533152
3/17/2019,-0.002673796791,0,0.007389162562,0.01495864886
3/18/2019,0.008042895442,0,-0.002444987775,-0.005215427849
3/19/2019,-0.01595744681,-0.01,0.004901960784,0.01048554229
3/20/2019,0.01621621622,0.01,-0.00487804878,-0.005273823766
3/21/2019,-0.01063829787,0,0.009803921569,-0.02012714465
3/22/2019,-0.03225806452,-0.03,-0.02912621359,0.02029007289
3/23/2019,-0.008333333333,-0.01,-0.0025,-0.005143502492
3/24/2019,-0.01400560224,-0.01,-0.007518796992,-0.001813851906
3/25/2019,0.005681818182,0.01,0.005050505051,-0.003362341772
3/26/2019,-0.01129943503,-0.01,-0.01005025126,0.00674737051
3/27/2019,-0.005714285714,-0.01,-0.0152284264,0.06100926473
3/28/2019,-0.01149425287,-0.01,0,-0.006177426846
3/29/2019,0.03488372093,0.03,0.0206185567,0.0180632799
3/30/2019,0.01123595506,0.01,0,0.006369499851
3/31/2019,0.008333333333,0.01,0.002525252525,0.08466284255
4/1/2019,0.002754820937,0,-0.002518891688,-0.07221936013
4/2/2019,-0.005494505495,0,0.005050505051,0.1556819727
4/3/2019,0,0.01,0.01005025126,0.1652448471
4/4/2019,0,-0.01,-0.009950248756,-0.1208071764
4/5/2019,-0.01104972376,0,0.01005025126,0.0721300178
4/6/2019,0.005586592179,0,0,0.008418590533
4/7/2019,0.002777777778,0,0.002487562189,0.003957258072
4/8/2019,0.002770083102,0,-0.002481389578,0.004373743431
4/9/2019,-0.005524861878,0,0.004975124378,-0.008709394205
4/10/2019,0.01666666667,0.02,0.01485148515,0.03243348567
4/11/2019,-0.005464480874,0,0.00487804878,-0.09376340396
4/12/2019,0.02197802198,0.01,-0.009708737864,0.004354411208
4/13/2019,-0.002688172043,0,-0.002450980392,-0.002620169651
4/14/2019,0,0,0.004914004914,0.01784128064
4/15/2019,-0.00269541779,-0.01,-0.007334963325,-0.02010955343
4/16/2019,0.005405405405,0.01,0.01477832512,0.04104449329
4/17/2019,-0.01075268817,-0.01,-0.009708737864,-0.003786086133
4/18/2019,0.01086956522,0.01,0,0.02437420062
4/19/2019,0,0,0,-0.002176084475
4/20/2019,0.005376344086,0,-0.004901960784,-0.009965678739
4/21/2019,0,0,0,-0.01496808674
4/22/2019,0,0,0,0.004976583479
4/23/2019,0,0,0,-0.009903879475
4/24/2019,0,0.01,0.009852216749,-0.06524942893
4/25/2019,-0.005347593583,0.01,0.0243902439,0.02802412203
4/26/2019,0,-0.01,-0.009523809524,-0.05047542366
4/27/2019,0,0,-0.004807692308,-0.0135773556
4/28/2019,-0.002688172043,-0.01,-0.007246376812,0.005423825946
4/29/2019,0.00269541779,0,0.002433090024,-0.0190845522
4/30/2019,-0.005376344086,-0.01,-0.004854368932,0.0389117171
5/1/2019,-0.01081081081,-0.01,-0.009756097561,0.008649447674
5/2/2019,-0.02732240437,-0.02,-0.01477832512,0.007684081277
5/3/2019,0.01123595506,0.01,0.01,0.05538304312
5/4/2019,0.002777777778,0,-0.002475247525,-0.01091247672
5/5/2019,-0.01108033241,-0.01,-0.009925558313,-0.01669051474
5/6/2019,0.01400560224,0.01,0.007518796992,0.005753673831
5/7/2019,-0.02762430939,-0.02,-0.01492537313,-0.01144151691
5/8/2019,-0.005681818182,0,0.005050505051,-0.01326862711
5/9/2019,-0.01142857143,-0.01,-0.01005025126,-0.0287481947
5/10/2019,0.01156069364,0.02,0.02030456853,0.0302220436
5/11/2019,-0.005714285714,-0.01,-0.009950248756,0.09551580877
5/12/2019,0,-0.01,-0.01005025126,0.09627710715
5/13/2019,-0.005747126437,0,0,-0.008290904366
5/14/2019,0.01156069364,0.01,0,0.01672043627
5/15/2019,-0.005714285714,-0.02,-0.02538071066,0.118581277
5/16/2019,0.005747126437,0.01,0.005208333333,-0.005140684849
5/17/2019,-0.02285714286,-0.02,-0.0103626943,-0.09861193533
5/18/2019,0,0,0,0.04542680969
5/19/2019,0.002923976608,0.01,0.007853403141,0.06276783657
5/20/2019,-0.002915451895,-0.01,-0.007792207792,-0.0181741977
5/21/2019,0.005847953216,0.01,0.01570680628,0.03702122648
5/22/2019,-0.02325581395,-0.02,-0.0206185567,-0.02379025962
5/23/2019,-0.03571428571,-0.03,-0.03157894737,-0.03555174269
5/24/2019,0,0.02,0.03260869565,0.06122602822
5/25/2019,0,0,0,0.05086732302
5/26/2019,-0.02469135802,-0.02,-0.01052631579,0.04793191789
5/27/2019,0.003164556962,0.01,0.007978723404,0.0004515255112
5/28/2019,-0.003154574132,-0.01,-0.007915567282,-0.0009026434558
5/29/2019,0.006329113924,0.01,0.01595744681,0.01881775942
5/30/2019,0,-0.01,-0.01047120419,-0.02833869619
5/31/2019,-0.006289308176,0,0.005291005291,-0.02238562731
6/1/2019,-0.006329113924,0,0,0.008581830791
6/2/2019,0.003184713376,0,-0.002631578947,-0.05304287462
6/3/2019,-0.009523809524,0,0.002638522427,0.06499944147
6/4/2019,0.01923076923,0.01,-0.005263157895,-0.1220647428
6/5/2019,0,0.01,0.01058201058,0.04156150595
6/6/2019,-0.006289308176,-0.01,-0.01570680628,-0.03105643496
6/7/2019,0.01898734177,0.01,-0.005319148936,0.06220959484
6/8/2019,-0.003105590062,0,-0.002673796791,-0.001943384135
6/9/2019,-0.01246105919,-0.01,0,0.00221237394
6/10/2019,0.009463722397,0,-0.002680965147,-0.004150360023
6/11/2019,-0.01875,-0.01,0.005376344086,0.008335314602
6/12/2019,-0.02547770701,-0.01,0.01069518717,0.03529868653
6/13/2019,-0.01307189542,-0.02,-0.02116402116,0.002036332458
6/14/2019,-0.01986754967,-0.03,-0.03783783784,-0.02806299802
6/15/2019,-0.01013513514,-0.01,-0.002808988764,0.03725050552
6/16/2019,0.003412969283,0,0.002816901408,0.02179563689
6/17/2019,-0.01360544218,-0.01,-0.005617977528,0.01381597306
6/18/2019,0.0275862069,0.02,0.01129943503,-0.02725538643
6/19/2019,0.02684563758,0.02,0.01117318436,0.01730627501
6/20/2019,0.03267973856,0.04,0.04972375691,-0.001642970802
6/21/2019,0.01265822785,-0.01,-0.02105263158,0.03953506453
6/22/2019,-0.009375,-0.01,-0.002688172043,0.02347830423
6/23/2019,-0.02523659306,-0.02,-0.01078167116,0.02175832608
6/24/2019,0.01618122977,0.01,0.008174386921,0.001156234728
6/25/2019,-0.03184713376,-0.02,-0.01621621622,-0.002309798786
6/26/2019,0.02631578947,0.02,0.01098901099,0.06238961287
6/27/2019,-0.01923076923,-0.01,-0.005434782609,-0.1677300503
6/28/2019,0,0.01,0.01092896175,0.06139664201
6/29/2019,0,0,0,-0.04052593431
6/30/2019,-0.009803921569,-0.01,-0.01351351351,-0.0374665359
7/1/2019,0.009900990099,0.01,0.01369863014,-0.004956834235
7/2/2019,-0.01960784314,-0.02,-0.02702702703,0.009963053676
7/3/2019,0.006666666667,0,-0.005555555556,0.01613986052
7/4/2019,0.01324503311,0.01,0.01117318436,0.0130250118
7/5/2019,0.01307189542,0.01,0.01104972376,-0.02997431154
7/6/2019,0,0,0.005464480874,0.02352529535
7/7/2019,0.003225806452,0.01,0.008152173913,0.01732724701
7/8/2019,-0.003215434084,0,-0.00269541779,0.005560973039
7/9/2019,0.006451612903,0.01,0.005405405405,-0.01106043927
7/10/2019,0.01923076923,0.02,0.01612903226,-0.06690607442
7/11/2019,0.0251572327,0.02,0.01058201058,-0.07029752183
7/12/2019,-0.006134969325,0,0.005235602094,0.03551516077
7/13/2019,-0.003086419753,0,0.002604166667,-0.05560554654
7/14/2019,0.003095975232,0.01,0.01298701299,-0.1088010872
7/15/2019,-0.006172839506,-0.01,-0.01025641026,0.05601612479
7/16/2019,0.01242236025,0.02,0.0207253886,-0.1060895255
7/17/2019,-0.01840490798,-0.03,-0.03553299492,0.04062459385
7/18/2019,0,0.02,0.04210526316,0.07276036184
7/19/2019,0,0.01,0.0101010101,-0.003692307692
7/20/2019,-0.003125,0,-0.0025,-0.005008096423
7/21/2019,0.003134796238,0,0.002506265664,-0.00655168364
7/22/2019,-0.00625,-0.01,-0.005,0.001528393498
7/23/2019,0.01257861635,0.01,0.01005025126,-0.003052122152
7/24/2019,-0.01242236025,-0.01,-0.009950248756,-0.02489766923
7/25/2019,0.006289308176,0.01,0.005025125628,0.006643538595
7/26/2019,-0.01875,-0.01,-0.005,0.02965554081
7/27/2019,0,0,-0.005025125628,-0.02788934632
7/28/2019,0.003184713376,0,-0.002525252525,-0.02124381321
7/29/2019,-0.003174603175,0,-0.00253164557,-0.00760727132
7/30/2019,0.006369426752,0.01,0.005076142132,0.01533117102
7/31/2019,-0.01265822785,-0.01,-0.0101010101,0.01864329854
8/1/2019,-0.05769230769,-0.03,-0.01530612245,0.004866847174
8/2/2019,-0.01360544218,-0.02,-0.0310880829,-0.01456393465
8/3/2019,-0.02068965517,-0.02,-0.01604278075,0.02813062439
8/4/2019,-0.0176056338,-0.01,-0.008152173913,0.008794889706
8/5/2019,-0.003584229391,-0.01,-0.008219178082,0.01840419142
8/6/2019,0.007194244604,0.01,0.01657458564,-0.03614319653
8/7/2019,-0.01428571429,0,0.01086956522,-0.0009009162148
8/8/2019,0.03623188406,0.02,0.005376344086,-0.01303253028
8/9/2019,0.006993006993,0.01,0.005347593583,-0.0343733839
8/10/2019,-0.01736111111,-0.02,-0.01329787234,0.01320158526
8/11/2019,0,-0.01,-0.01617250674,0.003435790364
8/12/2019,-0.01766784452,-0.01,0.002739726027,0.009560934496
8/13/2019,0.03597122302,0.01,-0.005464480874,-0.01894077746
8/14/2019,-0.05555555556,-0.04,-0.02197802198,-0.09275608978
8/15/2019,-0.01470588235,-0.02,-0.02247191011,-0.001524211514
8/16/2019,0,0,0,0.005245028965
8/17/2019,0.007462686567,0.01,0.005747126437,0.0171618254
8/18/2019,0,0,-0.005714285714,0.009369227972
8/19/2019,0.007407407407,0.01,0.01149425287,0.007433393382
8/20/2019,-0.01470588235,-0.02,-0.02272727273,-0.0147570915
8/21/2019,0,0.01,0.01162790698,-0.04057849187
8/22/2019,0.007462686567,0.01,0.005747126437,0.02815667377
8/23/2019,0,-0.01,-0.01142857143,0.01138806577
8/24/2019,-0.003703703704,0,0.00289017341,-0.0106470577
8/25/2019,0.003717472119,0,0.00288184438,-0.01501983935
8/26/2019,-0.007407407407,0,0,0.004323134666
8/27/2019,0.01492537313,0.01,0,-0.008609051243
8/28/2019,0,0,0,-0.07300321696
8/29/2019,0.02205882353,0.03,0.02873563218,-0.02158824782
8/30/2019,-0.02877697842,-0.03,-0.02234636872,0.004417268692
8/31/2019,0,0,0,0.01739639074
9/1/2019,-0.04444444444,-0.03,-0.02285714286,0.02620203569
9/2/2019,0.007751937984,0,0,-0.008870674898
9/3/2019,-0.007692307692,0,0,0.01790013608
9/4/2019,0.01550387597,0.01,0,-0.009831345125
9/5/2019,0.03053435115,0.03,0.0350877193,-0.02608948527
9/6/2019,0,-0.01,-0.02259887006,-0.01258371369
9/7/2019,0.01111111111,0.01,0.008670520231,0.02613616727
9/8/2019,0.01831501832,0.02,0.02005730659,0.01574537953
9/9/2019,-0.007194244604,-0.01,-0.01123595506,0.009574335806
9/10/2019,0.01449275362,0.02,0.02272727273,-0.01896707447
9/11/2019,0,0,0,-0.01711583529
9/12/2019,0.02142857143,0.02,0.01666666667,0.01111253034
9/13/2019,0.02097902098,0.02,0.02732240437,-0.004295098535
9/14/2019,0.006849315068,0,-0.005319148936,0.01079463757
9/15/2019,0,0,-0.005347593583,0.04748705612
9/16/2019,0.006802721088,0,0,-0.03513904838
9/17/2019,-0.01351351351,-0.01,0,0.07283753855
9/18/2019,-0.04109589041,-0.04,-0.04301075269,0.04038045995
9/19/2019,0.007142857143,0.01,0.01685393258,0.001223922114
9/20/2019,0.007092198582,0,-0.005524861878,-0.03919171714
9/21/2019,0,0,0,-0.02321927711
9/22/2019,-0.01056338028,-0.01,-0.008333333333,-0.1131526233
9/23/2019,0.01067615658,0.01,0.008403361345,0.1007855442
9/24/2019,-0.02112676056,-0.02,-0.01666666667,-0.1831156754
9/25/2019,0.01438848921,0.01,0.01129943503,-0.01039398139
9/26/2019,-0.007092198582,-0.02,-0.02793296089,-0.02155646694
9/27/2019,-0.02857142857,-0.03,-0.02298850575,0.00258140367
9/28/2019,-0.003676470588,0,0.002941176471,0.02582404976
9/29/2019,-0.0110701107,0,0.00293255132,0.01758200795
9/30/2019,0.007462686567,0,0,0.007460772941
10/1/2019,-0.01481481481,-0.01,0,-0.01481104405
10/2/2019,-0.03007518797,-0.01,0,0.00930072339
10/3/2019,-0.03100775194,-0.01,0,-0.02118478791
10/4/2019,0.016,0.01,0.01169590643,0.0321287141
10/5/2019,0,0,0.005780346821,0.01982336334
10/6/2019,-0.007874015748,-0.01,-0.005747126437,0.01696539485
10/7/2019,0.007936507937,0.01,0.01156069364,0.00243139171
10/8/2019,-0.0157480315,-0.02,-0.02285714286,-0.004850988766
10/9/2019,-0.008,0.01,0.01754385965,0.04233236152
10/10/2019,0.04032258065,0.02,0.005747126437,-0.01731931081
10/11/2019,0.03875968992,0.03,0.01714285714,-0.0330631205
10/12/2019,0,0,0,0.0206174642
10/13/2019,-0.007462686567,0,0.005617977528,0.003530266847
10/14/2019,0.007518796992,0,0,0.01661205955
10/15/2019,-0.007462686567,0,0,-0.03268121678
10/16/2019,0.01503759398,0.01,0,-0.03189151274
10/17/2019,0.1259259259,0.01,-0.07262569832,0.03207264648
10/18/2019,0,0.01,0.01204819277,-0.01221509805
10/19/2019,0.003289473684,0,0.002976190476,0.006348905524
10/20/2019,0.003278688525,0,0.00296735905,0.00725047081
10/21/2019,0,0,0,-0.0009348415444
10/22/2019,0,0,0,0.001871432582
10/23/2019,-0.006535947712,0,0.005917159763,-0.08284299991
10/24/2019,0,0.01,0.01176470588,0.03016802444
10/25/2019,0.01973684211,0.02,0.01744186047,0.1089583591
10/26/2019,-0.006451612903,0,0,0.03543254446
10/27/2019,-0.01298701299,-0.01,-0.01142857143,0.03877195248
10/28/2019,0.006578947368,0.01,0.01156069364,-0.004382011996
10/29/2019,-0.01307189542,-0.02,-0.02285714286,0.008802597078
10/30/2019,-0.02649006623,-0.02,-0.02339181287,-0.02223734967
10/31/2019,-0.02040816327,-0.02,-0.01796407186,-0.003206818709
11/1/2019,0.04166666667,0.03,0.0243902439,-0.001121764345
11/2/2019,0.02,0.02,0.0119047619,0.01811670975
11/3/2019,0.02614379085,0.03,0.02941176471,0.03396532706
11/4/2019,-0.006369426752,-0.01,-0.01714285714,-0.01563978181
11/5/2019,0.01282051282,0.02,0.03488372093,0.0317765418
11/6/2019,-0.006329113924,-0.01,-0.01685393258,-0.009235403702
11/7/2019,0.02547770701,0.02,0.01142857143,-0.02548407745
11/8/2019,0.01242236025,0.01,0.01129943503,-0.03323207028
11/9/2019,0,0,0,0.01404488418
11/10/2019,-0.01840490798,-0.01,0.005586592179,0.01486584102
11/11/2019,-0.00625,-0.01,-0.01666666667,-0.001000608618
11/12/2019,0.006289308176,0.01,0.01694915254,0.002003221676
11/13/2019,-0.0125,-0.02,-0.03333333333,-0.001607617634
11/14/2019,-0.0253164557,-0.02,-0.02298850575,-0.023306703
11/15/2019,-0.01298701299,0.01,0.02352941176,-0.02532127156
11/16/2019,0.006578947368,0,-0.005747126437,-0.0197879169
11/17/2019,0.003267973856,0,-0.00289017341,-0.03267590677
11/18/2019,0.00325732899,0,-0.002898550725,0.01291038205
11/19/2019,-0.006493506494,0,0.005813953488,-0.02549165707
11/20/2019,-0.01307189542,-0.02,-0.02312138728,-0.009291010195
11/21/2019,0.01324503311,0.02,0.02366863905,-0.06754133633
11/22/2019,0,-0.01,-0.01156069364,-0.03772165233
11/23/2019,0,0,0,-0.01681132223
11/24/2019,-0.003267973856,0,0.002923976608,-0.01112083135
11/25/2019,0.003278688525,0,-0.002915451895,-0.006045171235
11/26/2019,-0.006535947712,0,0.005847953216,0.01216387518
11/27/2019,0.01315789474,0.01,0,0.04436687274
11/28/2019,-0.01298701299,-0.01,0,-0.002959712194
11/29/2019,-0.01315789474,-0.01,0,0.0222893262
11/30/2019,0.01333333333,0.01,0.01162790698,-0.02891258636
12/1/2019,0.003289473684,0.01,0.008620689655,-0.02889696595
12/2/2019,0.009836065574,0.01,0.002849002849,-0.0009025270758
12/3/2019,-0.01948051948,-0.01,-0.005681818182,0.001806684734
12/4/2019,0.01986754967,0.02,0.01714285714,-0.01601867077
12/5/2019,0.006493506494,0.01,0.005617977528,0.01339550429
12/6/2019,0.02580645161,0.01,0,0.001117050985
12/7/2019,0,0,0,-0.01016179166
12/8/2019,0,0.01,0.01117318436,-0.01870714065
12/9/2019,0,-0.01,-0.01104972376,0.008601944669
12/10/2019,0,0.01,0.02234636872,-0.01705716455
12/11/2019,0.006289308176,-0.01,-0.02732240437,-0.002289844677
12/12/2019,0.0125,0.02,0.02247191011,0.006802344873
12/13/2019,0,-0.01,-0.02197802198,0.006536665751
12/14/2019,0.006172839506,0.01,0.01123595506,-0.04275813141
12/15/2019,0.009202453988,0.01,0.01944444444,-0.08302214874
12/16/2019,-0.003039513678,-0.01,-0.008174386921,0.04182663164
12/17/2019,0.006097560976,0.01,0.01648351648,-0.08029480217
12/18/2019,0.01818181818,0.01,-0.005405405405,0.08847289362
12/19/2019,0,0.01,0.01086956522,-0.01654247392
12/20/2019,-0.005952380952,0,0.005376344086,0.01876041825
12/21/2019,0,-0.01,-0.01069518717,0.003912060451
12/22/2019,0,-0.01,-0.01081081081,-0.002400320043
12/23/2019,0,0,0,0.006312287424
12/24/2019,0,0,0,-0.01254538477
12/25/2019,-0.007984031936,-0.01,-0.00364298725,-0.01028339113
12/26/2019,0.002012072435,0,-0.001828153565,0.01443759816
12/27/2019,-0.01204819277,-0.01,0,-0.0009825522539
12/28/2019,0.006097560976,0.01,0.005494505495,0.01126575865
12/29/2019,0.01212121212,0.01,0.01092896175,0.001414635584
12/30/2019,-0.005988023952,-0.01,-0.005405405405,0.009711880868
12/31/2019,0.01204819277,0.01,0.01086956522,-0.01923693492
1/1/2020,0.009920634921,0.01,0.001792114695,0.01643436655
1/2/2020,0.0137524558,0.01,0.008944543828,-0.04485117829
1/3/2020,-0.01744186047,-0.02,-0.01595744681,0.06060977103
1/4/2020,0,-0.01,-0.01081081081,0.04115677673
1/5/2020,-0.005917159763,-0.01,-0.01092896175,0.04837278927
1/6/2020,0.005952380952,0,0,-0.008434913668
1/7/2020,-0.01183431953,-0.01,0,0.01701333333
1/8/2020,0.005988023952,0.01,0.005524861878,-0.03904242488
1/9/2020,-0.005952380952,-0.01,-0.005494505495,-0.01023220279
1/10/2020,0,0.01,0.02209944751,0.05436400728
1/11/2020,0.008982035928,0,-0.002702702703,0.01066778225
1/12/2020,0.008902077151,0,-0.0027100271,0.07536089409
1/13/2020,0,0,0,-0.06026415185
1/14/2020,0,0,0,0.1282576417
1/15/2020,-0.01764705882,-0.01,-0.005434782609,0.03265111636
1/16/2020,0.005988023952,-0.01,-0.01639344262,-0.01094240953
1/17/2020,0,0.01,0.01111111111,0.04905249595
1/18/2020,0,0,0,-0.01502509477
1/19/2020,-0.0119047619,-0.01,0,-0.008761274094
1/20/2020,-0.006024096386,-0.01,-0.005494505495,-0.006550407774
1/21/2020,0.006060606061,0.01,0.005524861878,0.01318719707
1/22/2020,-0.01204819277,-0.01,-0.01098901099,-0.006701719605
1/23/2020,0,-0.01,-0.02222222222,-0.05584119753
1/24/2020,-0.01219512195,-0.01,-0.01136363636,0.01778451782
1/25/2020,-0.01851851852,-0.01,-0.01149425287,0.03658426459
1/26/2020,-0.009433962264,-0.01,-0.008720930233,0.04436410363
1/27/2020,-0.009523809524,-0.01,-0.00293255132,-0.008685678536
1/28/2020,0.01923076923,0.01,0.005882352941,0.01752356109
1/29/2020,-0.006289308176,-0.01,-0.005847953216,0.0279724617
1/30/2020,0.006329113924,0,-0.005882352941,0.04330075218
1/31/2020,0.006289308176,0.01,0.005917159763,-0.03892048193
2/1/2020,-0.0125,-0.01,0,0.01943597561
2/2/2020,-0.006329113924,0,0,0.01544515494
2/3/2020,-0.006369426752,0,0,0.003565200543
2/4/2020,0.01282051282,0.01,0,-0.007105070085
2/5/2020,0.01898734177,0.01,0.005882352941,0.07369812935
2/6/2020,0,0.01,0.01169590643,0.03296146045
2/7/2020,0,-0.01,-0.01156069364,0.00001753278631
2/8/2020,0.003105590062,0,-0.002923976608,0.01590195838
2/9/2020,-0.003095975232,0,-0.00293255132,0.03900317548
2/10/2020,0.006211180124,0,0,-0.02247358979
2/11/2020,-0.01234567901,-0.01,0,0.04598052709
2/12/2020,0.025,0.01,-0.01176470588,0.06065922641
2/13/2020,0.006097560976,0.01,0.005952380952,-0.01168614357
2/14/2020,-0.006060606061,-0.01,-0.005917159763,0.04247768411
2/15/2020,0,0,0,-0.0737040836
2/16/2020,0,-0.01,-0.0119047619,-0.0467012245
2/17/2020,0.003048780488,0,-0.003012048193,-0.03447753405
2/18/2020,-0.003039513678,0,0.003021148036,0.07141736265
2/19/2020,0.006097560976,0,-0.006024096386,-0.03228693713
2/20/2020,-0.01212121212,-0.01,-0.01212121212,-0.07912217271
2/21/2020,-0.01840490798,-0.01,-0.006134969325,0.02468955442
2/22/2020,-0.009375,-0.01,-0.003086419753,-0.00875926718
2/23/2020,-0.02523659306,-0.03,-0.02476780186,-0.0284697189
2/24/2020,0.01618122977,0.02,0.02222222222,0.02020837574
2/25/2020,-0.03184713376,-0.04,-0.04347826087,-0.03961617298
2/26/2020,-0.01315789474,0.01,0.02597402597,-0.09904618
2/27/2020,-0.01333333333,-0.01,0,0.0311104589
2/28/2020,-0.1013513514,-0.08,-0.05696202532,-0.04472908407
2/29/2020,-0.003759398496,0,0.003355704698,0.02383739491
3/1/2020,0.003773584906,0.01,0.02341137124,0.009229809791
3/2/2020,-0.007518796992,-0.01,-0.01960784314,0.01392407671
3/3/2020,0.01515151515,0.03,0.04,-0.02746571864
3/4/2020,0,0.01,0.01282051282,-0.008480772043
3/5/2020,-0.0447761194,-0.04,-0.03797468354,0.05605999958
3/6/2020,-0.109375,-0.06,-0.02631578947,0.008558091286
3/7/2020,-0.149122807,-0.12,-0.1013513514,-0.09836422256
3/8/2020,-0.1907216495,-0.13,-0.09398496241,-0.09705159705
3/9/2020,0.01910828025,-0.01,-0.02074688797,-0.01333819242
3/10/2020,-0.0375,0.01,0.04237288136,0.02703700968
3/11/2020,-0.1038961039,-0.04,0,-0.0384809034
3/12/2020,-0.08695652174,-0.04,-0.0162601626,-0.2570566527
3/13/2020,-0.1587301587,-0.02,0.04958677686,-0.06876992784
3/14/2020,-0.2169811321,-0.09,-0.04330708661,-0.03773516903
3/15/2020,-0.4457831325,-0.17,-0.06995884774,-0.006198734035
3/16/2020,0.3043478261,0.07,0.02654867257,-0.03322215313
3/17/2020,-0.4666666667,-0.14,-0.05172413793,0.06872758459
3/18/2020,0,0,0,-0.0112712019
3/19/2020,-0.125,-0.21,-0.2181818182,0.1641702944
3/20/2020,1.214285714,0.5,0.3837209302,-0.03704525288
3/21/2020,0.09677419355,0.03,0.01680672269,0.002830157633
3/22/2020,0.3529411765,0.14,0.0826446281,0.02853345585
3/23/2020,-0.1956521739,-0.1,-0.06106870229,-0.0249980059
3/24/2020,0.4864864865,0.21,0.1300813008,0.05127785595
3/25/2020,0.2545454545,0.1,0.04316546763,-0.02515096806
3/26/2020,0.04347826087,0,-0.02068965517,0.01213359729
3/27/2020,-0.25,-0.12,-0.05633802817,0.0188024481
3/28/2020,0.02777777778,0.01,-0.003731343284,-0.01477054561
3/29/2020,-0.04504504505,-0.04,-0.03370786517,-0.007637426533
3/30/2020,0.07547169811,0.04,0.03100775194,-0.007411161082
3/31/2020,-0.1403508772,-0.08,-0.06015037594,0.01493299298
4/1/2020,0.1428571429,0.05,0.008,-0.03517982897
4/2/2020,0.3035714286,0.13,0.05555555556,0.0776499723
4/3/2020,0.06849315068,0.05,0.03759398496,0.006380019352
4/4/2020,0.04487179487,0.03,0.01811594203,0.05360093742
4/5/2020,0.0490797546,0.04,0.03558718861,0.05932928394
4/6/2020,-0.005847953216,-0.01,-0.01718213058,-0.007981694596
4/7/2020,0.01176470588,0.03,0.03496503497,0.01609182926
4/8/2020,0.01162790698,0.02,0.02027027027,0.02195278282
4/9/2020,0.03448275862,0.03,0.03311258278,-0.002064495897
4/10/2020,0,0,0,-0.05944431351
4/11/2020,0.04444444444,0.02,0.01282051282,-0.002408330317
4/12/2020,0,0.01,0.01898734177,0.005065516808
4/13/2020,0,-0.01,-0.01863354037,-0.00744196379
4/14/2020,0,0.02,0.03797468354,0.01499552372
4/15/2020,-0.07446808511,-0.08,-0.07926829268,-0.02342888644
4/16/2020,-0.1954022989,-0.13,-0.09933774834,0.04572396274
4/17/2020,-0.04285714286,-0.02,-0.007352941176,0.01168690958
4/18/2020,-0.08208955224,-0.03,-0.01111111111,-0.02269028626
4/19/2020,-0.07317073171,-0.03,-0.003745318352,-0.00988193544
4/20/2020,-0.01754385965,-0.01,-0.007518796992,-0.01346824554
4/21/2020,0.03571428571,0.02,0.01515151515,0.02730423118
4/22/2020,0.1896551724,0.1,0.0671641791,0.03444054517
4/23/2020,-0.02898550725,-0.01,0,0.05162393162
4/24/2020,0.07462686567,0.06,0.04895104895,0.004851455437
4/25/2020,0.04166666667,0.03,0.02,0.0037205714
4/26/2020,0.02666666667,0.01,0.006535947712,0.01584369537
4/27/2020,0.01298701299,0.01,0.01298701299,-0.01194762085
4/28/2020,-0.02564102564,-0.03,-0.02564102564,0.02418418517
4/29/2020,0.02631578947,0,-0.01315789474,0.08950795948
4/30/2020,-0.07692307692,-0.06,-0.05333333333,-0.0330300414
5/1/2020,-0.05555555556,-0.01,0.01408450704,0.003228095881
5/2/2020,0.007352941176,0,0.003472222222,-0.003308991328
5/3/2020,0.02189781022,0.02,0.01730103806,-0.00599885518
5/4/2020,-0.01428571429,-0.01,-0.01360544218,0.002695045263
5/5/2020,0.02898550725,0.03,0.0275862069,-0.005375603032
5/6/2020,0,0,0,0.004365299335
5/7/2020,-0.01408450704,-0.02,-0.02013422819,0.02731976544
5/8/2020,0.05714285714,0.04,0.02739726027,0.01074474515
5/9/2020,0.006756756757,0,0.003333333333,-0.05835714128
5/10/2020,-0.01342281879,-0.01,-0.01328903654,-0.04773272496
5/11/2020,0.02040816327,0.02,0.01683501684,-0.01495486373
5/12/2020,-0.04,-0.04,-0.03311258278,0.03036381416
5/13/2020,-0.01388888889,-0.02,-0.02054794521,0.02581885433
5/14/2020,0,-0.01,-0.01398601399,0.02203771795
5/15/2020,0.05633802817,0.03,0.01418439716,-0.03061461331
5/16/2020,0.06,0.04,0.02447552448,0.02583502933
5/17/2020,0.04402515723,0.03,0.01706484642,0.02562785921
5/18/2020,0.01204819277,0.01,0.006711409396,-0.000432388148
5/19/2020,-0.02380952381,-0.02,-0.01333333333,0.0008651503768
5/20/2020,0.01219512195,0.01,0.006756756757,-0.004322012693
5/21/2020,-0.02409638554,-0.02,-0.01342281879,-0.04863951018
5/22/2020,-0.01234567901,-0.02,-0.02040816327,0.04159262283
5/23/2020,0,0,0,-0.01122792456
5/24/2020,0.025,0.01,0,-0.02118357544
5/25/2020,0,0,0.006944444444,0.01004085425
5/26/2020,0,0,-0.006896551724,-0.01988207547
5/27/2020,0,0.01,0.01388888889,0.03019948504
5/28/2020,0.0487804878,0.04,0.02739726027,0.03522376904
5/29/2020,-0.03488372093,-0.03,-0.02,0.01033393502
5/30/2020,0.006024096386,0.01,0.01700680272,0.04080128635
5/31/2020,0.005988023952,0.01,0.01672240803,0.03309730716
6/1/2020,0,0,0,0.005908925697
6/2/2020,0,0,0,-0.01174843079
6/3/2020,0.04761904762,0.03,0.01315789474,0.03050372939
6/4/2020,0,0.01,0.01298701299,0.01167812177
6/5/2020,0.07954545455,0.04,0.01923076923,0.000440890599
6/6/2020,0.01578947368,0,-0.003144654088,-0.002173434026
6/7/2020,0.01554404145,0,-0.01577287066,-0.004727728984
6/8/2020,0,0.01,0.01282051282,0.002561671743
6/9/2020,0,-0.02,-0.0253164557,-0.005110252696
6/10/2020,0.02040816327,0.01,0,0.003842264914
6/11/2020,-0.05,-0.05,-0.04545454545,-0.07866639807
6/12/2020,0,0,0,0.02960533508
6/13/2020,0.01578947368,0.01,0.003401360544,-0.009503281021
6/14/2020,0.03626943005,0.02,0.01694915254,-0.006442760203
6/15/2020,-0.02,-0.02,-0.01333333333,-0.003172136985
6/16/2020,0.04081632653,0.03,0.02702702703,0.006364462917
6/17/2020,-0.009803921569,-0.01,-0.006578947368,-0.004087076235
6/18/2020,0.1089108911,0.02,-0.04635761589,0.00801330511
6/19/2020,-0.05357142857,0.02,0.06944444444,-0.01124943753
6/20/2020,0.02358490566,0.02,0.00974025974,0.01706614078
6/21/2020,0.03686635945,0.03,0.02572347267,0.02583552625
6/22/2020,-0.01333333333,-0.01,-0.01567398119,-0.008827683616
6/23/2020,0.02702702703,0.03,0.03184713376,0.01781261133
6/24/2020,-0.0350877193,-0.04,-0.03703703704,-0.03477526818
6/25/2020,0.009090909091,0,-0.00641025641,0.001471843003
6/26/2020,0,-0.01,-0.01290322581,-0.007284500202
6/27/2020,0.01351351351,0.01,0.003267973856,-0.008217649709
6/28/2020,0.02222222222,0.01,-0.00325732899,-0.009973174109
6/29/2020,-0.008695652174,0,0.006535947712,0.001704433713
6/30/2020,0.01754385965,0,-0.01298701299,-0.003403067123
7/1/2020,0.008620689655,0.02,0.03289473684,0.02782094779
7/2/2020,0.03418803419,0.03,0.02547770701,-0.017463157
7/3/2020,0,0,0,0.02161002254
7/4/2020,0.05785123967,0.03,0.006211180124,0.02070736002
7/5/2020,-0.0078125,-0.01,-0.006172839506,0.03761250494
7/6/2020,0.007874015748,0.01,0.006211180124,-0.01669721646
7/7/2020,-0.015625,-0.01,-0.01234567901,0.03396149537
7/8/2020,-0.007936507937,-0.01,-0.00625,0.06973124212
7/9/2020,-0.024,-0.02,-0.01886792453,-0.03923302205
7/10/2020,0.02459016393,0.01,0.00641025641,0.007687736048
7/11/2020,0.008,0,0,0.01188120696
7/12/2020,0.007936507937,0,-0.006369426752,0.03071268085
7/13/2020,0,0,0.00641025641,-0.01840569135
7/14/2020,0,-0.01,-0.0127388535,0.03750162606
7/15/2020,0.007874015748,0,-0.006451612903,-0.01450858873
7/16/2020,0.015625,0,-0.01298701299,-0.01799378397
7/17/2020,0.03846153846,0.04,0.03289473684,-0.0003701715745
7/18/2020,0.007407407407,0,-0.006369426752,-0.01095187839
7/19/2020,0.01838235294,0.01,-0.003205128205,-0.001937567277
7/20/2020,-0.01083032491,-0.01,-0.003215434084,-0.009153318078
7/21/2020,0.02189781022,0.01,0.006451612903,0.01847575058
7/22/2020,0,0,0,0.008029441285
7/23/2020,-0.02142857143,0.01,0.03205128205,0.04189253974
7/24/2020,-0.01459854015,0.01,0.03726708075,-0.0008494673132
7/25/2020,0.01111111111,0,-0.002994011976,0.03994119522
7/26/2020,0.003663003663,0,-0.003003003003,0.05689540647
7/27/2020,0.007299270073,0,0,-0.01749296978
7/28/2020,-0.01449275362,-0.01,0,0.03560884398
7/29/2020,0.01470588235,0.01,0.01204819277,0.003912003674
7/30/2020,-0.007246376812,-0.01,-0.005952380952,0.01102767173
7/31/2020,0.02189781022,0.02,0.01796407186,0.01983303425
8/1/2020,0.02142857143,0.01,0,0.03063988004
8/2/2020,0.01748251748,0.01,-0.002941176471,0.03021148036
8/3/2020,0.003436426117,0,0.002949852507,-0.0004683435768
8/4/2020,-0.006849315068,-0.01,-0.005882352941,0.0009371260507
8/5/2020,0.04827586207,0.03,0.005917159763,0.0202085674
8/6/2020,0.006578947368,0.01,0.01764705882,0.01771873103
8/7/2020,-0.01960784314,-0.01,-0.005780346821,-0.04411519893
8/8/2020,-0.003333333333,0,0.002906976744,0.04475792407
8/9/2020,0,0.01,0.0115942029,0.01985747625
8/10/2020,-0.003344481605,-0.01,-0.008595988539,0.02253549903
8/11/2020,0.006711409396,0.01,0.01734104046,-0.04407768542
8/12/2020,0.04,0.02,0.01136363636,0.03868288672
8/13/2020,0,0,0,0.0559706999
8/14/2020,-0.01923076923,-0.01,-0.005617977528,0.03300682243
8/15/2020,0.003267973856,0,0.002824858757,0.0472333936
8/16/2020,0.00651465798,0.01,0.01126760563,0.01428076501
8/17/2020,-0.003236245955,-0.01,-0.008356545961,0.03038829162
8/18/2020,0.006493506494,0.01,0.01685393258,-0.05898415552
8/19/2020,0,-0.01,-0.01104972376,-0.05973179207
8/20/2020,-0.04516129032,-0.03,-0.01675977654,0.02171731924
8/21/2020,0.02702702703,0.01,0,-0.04737162674
8/22/2020,0.01644736842,0.01,0.002840909091,0.007913828649
8/23/2020,0.02588996764,0.02,0.01133144476,-0.02495323292
8/24/2020,-0.009463722397,-0.01,-0.008403361345,0.03364446274
8/25/2020,0.01910828025,0.02,0.01694915254,-0.06509871421
8/26/2020,0.01875,0.01,0.005555555556,0.03566766965
8/27/2020,0.01226993865,0.01,0,-0.04993433184
8/28/2020,0.01818181818,0.02,0.02762430939,0.04432032395
8/29/2020,0.002976190476,0.01,0.01344086022,0.03965155304
8/30/2020,-0.008902077151,0,0.002652519894,0.05966214174
8/31/2020,0.0119760479,0.01,0.01058201058,-0.02031106823
9/1/2020,-0.02366863905,-0.02,-0.02094240838,0.04146432111
9/2/2020,-0.02424242424,-0.02,-0.01069518717,-0.06510283464
9/3/2020,-0.04968944099,-0.05,-0.04324324324,-0.02308064229
9/4/2020,0.02614379085,0.03,0.03389830508,-0.06522531909
9/5/2020,0,0,0,-0.03567547233
9/6/2020,-0.0127388535,-0.01,-0.01092896175,-0.03790555038
9/7/2020,0.006451612903,0.01,0.01104972376,0.0009461164174
9/8/2020,-0.00641025641,-0.01,-0.01092896175,-0.001890444254
9/9/2020,0.01290322581,0.02,0.02209944751,0.04468996618
9/10/2020,-0.01910828025,-0.01,-0.005405405405,-0.00250366917
9/11/2020,-0.006493506494,-0.02,-0.03804347826,0.01224684092
9/12/2020,0.003267973856,0,-0.002824858757,0.002101948043
9/13/2020,0.00325732899,0.01,0.008498583569,-0.01684430571
9/14/2020,0,-0.01,-0.01123595506,0.01926637352
9/15/2020,0,0.01,0.02272727273,-0.03780439348
9/16/2020,0.01948051948,0.01,-0.005555555556,-0.01769807091
9/17/2020,0,-0.01,-0.02234636872,0.02138009729
9/18/2020,0.006369426752,0.01,0.005714285714,-0.01703710237
9/19/2020,-0.0253164557,-0.01,-0.005681818182,-0.04686775636
9/20/2020,-0.02597402597,-0.02,-0.005714285714,-0.04672471954
9/21/2020,0,0,0,-0.002567605379
9/22/2020,0,0,0,0.005148429894
9/23/2020,-0.01333333333,-0.01,-0.01149425287,-0.03370380707
9/24/2020,-0.02027027027,-0.01,-0.005813953488,0.05586136595
9/25/2020,-0.01379310345,0,0.01169590643,0.04849713587
9/26/2020,0.01748251748,0.01,0.00289017341,0.01222338173
9/27/2020,0.0206185567,0.02,0.01729106628,0.001864808933
9/28/2020,-0.003367003367,-0.01,-0.01416430595,0.01019195993
9/29/2020,0.006756756757,0.02,0.02873563218,-0.0201782638
9/30/2020,0.006711409396,-0.01,-0.01675977654,-0.0005351027397
10/1/2020,-0.01333333333,0,0.01136363636,-0.01370596424
10/2/2020,0,0.01,0.01123595506,-0.02631946275
10/3/2020,0.01351351351,0.01,0.01111111111,0.01713921631
10/4/2020,0.01,0.01,0.002747252747,0.008910674017
10/5/2020,0.003300330033,0.01,0.008219178082,0.007869615832
10/6/2020,-0.006578947368,-0.01,-0.01630434783,-0.01561633709
10/7/2020,0.01986754967,0.03,0.03867403315,0.003457554992
10/8/2020,0.01298701299,0.01,0,0.02164049954
10/9/2020,0,0.01,0.01063829787,0.02322706671
10/10/2020,0,0,0,0.03023907888
10/11/2020,-0.02564102564,-0.02,-0.01052631579,0.02247508197
10/12/2020,0,0,-0.005319148936,0.006725282816
10/13/2020,0,0,0.005347593583,-0.01336071107
10/14/2020,0,-0.01,-0.01063829787,-0.0109188357
10/15/2020,0,0,0,0.01069349167
10/16/2020,0.006578947368,0.01,0.01612903226,-0.03159846
10/17/2020,0,0,0,0.01222133875
10/18/2020,0,0,0.005291005291,-0.005571395322
10/19/2020,0,0,-0.005263157895,0.01774403534
10/20/2020,0,0.01,0.01058201058,-0.03486934774
10/21/2020,0.01960784314,0.01,0.005235602094,0.0622654435
10/22/2020,0.07692307692,0.01,-0.04166666667,0.04438587391
10/23/2020,-0.0119047619,-0.01,0,-0.01290019464
10/24/2020,-0.009036144578,-0.01,-0.008152173913,-0.006779176979
10/25/2020,-0.006079027356,-0.01,-0.01643835616,0.006188771214
10/26/2020,-0.003058103976,0,0.008356545961,-0.01293417248
10/27/2020,0.006134969325,-0.01,-0.01657458564,0.02620731489
10/28/2020,-0.01829268293,-0.01,0.005617977528,-0.03199978506
10/29/2020,0,0.01,0.01117318436,-0.004218940824
10/30/2020,-0.01242236025,-0.01,0,-0.02441743784
10/31/2020,0.003144654088,0,0.002762430939,-0.003928571429
11/1/2020,0.009404388715,0.01,0.002754820937,-0.01612764432
11/2/2020,-0.006211180124,0,0,0.01238329167
11/3/2020,0.0125,0.01,0,-0.02446364291
11/4/2020,-0.03703703704,-0.05,-0.05494505495,0.01039099054
11/5/2020,-0.00641025641,0.01,0.02906976744,0.04595719816
11/6/2020,-0.006451612903,-0.01,-0.005649717514,0.0479741903
11/7/2020,0.02922077922,0.02,0.01988636364,-0.001366010981
11/8/2020,0.04731861199,0.03,0.01949860724,-0.0007473292986
11/9/2020,-0.01807228916,-0.01,0,-0.0006210143234
11/10/2020,0.03680981595,0.02,0,0.001242800444
11/11/2020,-0.02169625247,-0.02,-0.01275045537,0.01434787251
11/12/2020,-0.01411290323,-0.01,-0.009225092251,-0.01326333241
11/13/2020,0.006134969325,0.01,0.005586592179,0.03193716579
11/14/2020,0,0,0,0.0071459954
11/15/2020,-0.003048780488,-0.01,-0.008333333333,0.03005555627
11/16/2020,0.003058103976,0.01,0.008403361345,-0.02229031595
11/17/2020,-0.006097560976,-0.01,-0.01666666667,0.04559700352
11/18/2020,0,0,0,-0.02870685138
11/19/2020,-0.006134969325,0,0.005649717514,0.03684375588
11/20/2020,-0.006172839506,-0.01,-0.005617977528,0.04009582345
11/21/2020,0.003105590062,0.01,0.008474576271,0.09086731964
11/22/2020,0.01238390093,0.01,0.01680672269,0.1396976887
11/23/2020,-0.009174311927,-0.01,-0.00826446281,-0.04948633021
11/24/2020,0.01851851852,0.02,0.01666666667,0.1041254467
11/25/2020,0.01212121212,0.01,0,-0.05937575223
11/26/2020,0,0,0,-0.1310055257
11/27/2020,0,0,0,-0.008856410536
11/28/2020,0.002994011976,0.01,0.008196721311,0.0822906694
11/29/2020,0.01492537313,0.02,0.0189701897,0.05889111448
11/30/2020,-0.01176470588,-0.01,-0.01063829787,0.0161892782
12/1/2020,0.02380952381,0.02,0.02150537634,-0.03186272194
12/2/2020,0.02325581395,0.02,0.02105263158,0.001044340553
12/3/2020,0.01136363636,0.01,0,0.01064701065
12/4/2020,0.02808988764,0.02,0.005154639175,-0.04511075095
12/5/2020,0.002732240437,0,-0.007692307692,0.0002475247525
12/6/2020,0.00272479564,0,-0.002583979328,-0.0259230641
12/7/2020,0,0,-0.00518134715,0.02686700263
12/8/2020,0,0.01,0.01041666667,-0.05232810591
12/9/2020,0,0.01,0.0206185567,0.007405670932
12/10/2020,-0.005434782609,-0.02,-0.02525252525,-0.009625351696
12/11/2020,-0.005464480874,-0.01,-0.00518134715,-0.02270591251
12/12/2020,0.005494505495,0,0,0.02356676065
12/13/2020,0.01092896175,0.01,0.01041666667,0.0267236087
12/14/2020,-0.005405405405,-0.01,-0.01030927835,-0.003603163297
12/15/2020,0.01086956522,0.02,0.02083333333,0.007232386061
12/16/2020,0.02150537634,0.01,-0.01020408163,0.0577130305
12/17/2020,0,0.01,0.0206185567,0.05536725378
12/18/2020,0.01052631579,0.01,0,-0.00001856424156
12/19/2020,-0.005208333333,0,0.005050505051,-0.01817937103
12/20/2020,0,0,-0.005025125628,-0.01649278884
12/21/2020,-0.005235602094,0,0.0101010101,-0.002057118688
12/22/2020,0.01052631579,-0.01,-0.02,0.004122718297
12/23/2020,0.005208333333,0.02,0.02551020408,-0.08686434581
12/24/2020,-0.00518134715,0,0.004975124378,0.0004937597176
12/25/2020,0,0,0,0.06235102641
12/26/2020,0,0,0,0.04236308106
12/27/2020,-0.005208333333,0,0,0.02724755592
12/28/2020,0.005235602094,0,0,0.01303856184
12/29/2020,-0.01041666667,-0.01,0,-0.02574149164
12/30/2020,0.01052631579,0,-0.009900990099,0.01328095773
12/31/2020,0.015625,0.02,0.015,-0.00992246631
1/1/2021,0,0,0,0.006078403953
1/2/2021,0.01538461538,0.01,0.004926108374,0.07531250869
1/3/2021,0.007575757576,0,0.002450980392,0.1017454511
1/4/2021,-0.007518796992,0,-0.002444987775,-0.02877948245
1/5/2021,0.01515151515,0.01,0.004901960784,0.0592645685
1/6/2021,0.01492537313,0.01,0.01463414634,0.09919334606
1/7/2021,0.02450980392,0.01,0.004807692308,0.03963950255
1/8/2021,-0.00956937799,-0.01,-0.01913875598,-0.07048147483
1/9/2021,-0.007246376812,0,0.007317073171,-0.04782593136
1/10/2021,-0.002433090024,0,0.01210653753,-0.02619650763
1/11/2021,-0.00487804878,0,-0.004784688995,-0.02467811159
1/12/2021,0.009803921569,0.01,0.009615384615,0.05060506051
1/13/2021,-0.009708737864,-0.01,-0.009523809524,0.05145956533
1/14/2021,0.02450980392,0.01,0.004807692308,0.05108328079
1/15/2021,0,0,0.00956937799,-0.03886003299
1/16/2021,0,0,0,0.04301265913
1/17/2021,0.01435406699,0,-0.01421800948,0.05539199021
1/18/2021,0.007075471698,0,0.002403846154,-0.0134103011
1/19/2021,-0.007025761124,0,-0.002398081535,0.02718516342
1/20/2021,0.0141509434,0.01,0.004807692308,-0.03052804231
1/21/2021,0.01395348837,-0.01,-0.03349282297,-0.08176607911
1/22/2021,-0.009174311927,0,0,0.04637677019
1/23/2021,-0.002314814815,0,-0.002475247525,0.0104729015
1/24/2021,-0.002320185615,0,-0.002481389578,-0.00265103289
1/25/2021,0,0,0,0.01304998544
1/26/2021,0,0,0,-0.02576375426
1/27/2021,0,0,0,-0.04110171818
1/28/2021,0.01395348837,0.02,0.03482587065,0.04308531192
1/29/2021,0.01376146789,0,-0.01442307692,0.02111589043
1/30/2021,-0.006787330317,0,-0.00243902439,0.01847223622
1/31/2021,0.004555808656,0,0.00488997555,0.05299994393
2/1/2021,-0.01133786848,-0.01,-0.007299270073,-0.03310801922
2/2/2021,0.02293577982,0.02,0.01470588235,0.06848338776
2/3/2021,0.01793721973,0.02,0.0193236715,0.05263955759
2/4/2021,-0.008810572687,-0.01,-0.009478672986,0.003168294018
2/5/2021,0.01333333333,0.02,0.02392344498,0.08282752878
2/6/2021,0.006578947368,0,-0.002336448598,0.06077881306
2/7/2021,0.006535947712,0,-0.002341920375,0.1084512323
2/8/2021,0,0,0,-0.04614982174
2/9/2021,0,0,0,0.09676534699
2/10/2021,0,0,-0.009389671362,0.04880235907
2/11/2021,0.004329004329,0,-0.01421800948,0.06605665993
2/12/2021,0.01293103448,0,-0.004807692308,0.04708767438
2/13/2021,0,0,0,0.01838465448
2/14/2021,0.008510638298,0.01,0.0193236715,-0.007362127351
2/15/2021,-0.004219409283,-0.01,-0.009478672986,0.02560338343
2/16/2021,0.004237288136,0.01,0.00956937799,-0.04992843012
2/17/2021,-0.008438818565,-0.01,-0.01895734597,0.08824760922
2/18/2021,-0.02553191489,-0.02,-0.0193236715,0.05715738377
2/19/2021,0,-0.01,-0.0197044335,0.1701627081
2/20/2021,0.01310043668,0,-0.005025125628,-0.04223492264
2/21/2021,0.01293103448,0,-0.005050505051,-0.117830752
2/22/2021,0,0,0,0.08358189823
2/23/2021,0,0,0,-0.1542696466
2/24/2021,0.01276595745,0,-0.005076142132,0.08023542323
2/25/2021,-0.01680672269,-0.01,-0.01020408163,0.02092712857
2/26/2021,0.02136752137,0,-0.01546391753,-0.0360498356
2/27/2021,0.002092050209,0,0.002617801047,0.02841879044
2/28/2021,0.008350730689,0.01,0.01566579634,0.008434223066
3/1/2021,-0.006211180124,-0.01,-0.01285347044,0.01903868081
3/2/2021,0.0125,0.02,0.02604166667,-0.03736596298
3/3/2021,0.008230452675,0,0,0.04728932044
3/4/2021,-0.008163265306,0,0,-0.05025521836
3/5/2021,0,0.01,0.02030456853,0.0143696843
3/6/2021,-0.002057613169,0,-0.002487562189,0.01494509395
3/7/2021,-0.00412371134,0,0,0.05576857063
3/8/2021,0.002070393375,0,-0.002493765586,-0.03887551186
3/9/2021,-0.004132231405,0,0.005,0.08089589297
3/10/2021,0.02489626556,0.02,0.01990049751,-0.0201807558
3/11/2021,0.01619433198,0.01,0,0.01574487576
3/12/2021,0,-0.01,-0.01951219512,-0.05828307311
3/13/2021,0.005976095618,0,-0.002487562189,-0.001491653357
3/14/2021,0.01584158416,0.01,0,0.01549093812
3/15/2021,-0.009746588694,-0.01,-0.002493765586,-0.01672572269
3/16/2021,0.01968503937,0.01,0.005,0.0340204622
3/17/2021,-0.003861003861,0,0.004975124378,0.03854510119
3/18/2021,-0.03100775194,-0.01,0.009900990099,-0.0193222643
3/19/2021,0.004,0.02,0.03431372549,0.04108310831
3/20/2021,0,0,0.009478672986,-0.02190678198
3/21/2021,-0.005976095618,0,-0.00234741784,-0.03428194283
3/22/2021,0.006012024048,0.01,0.01176470588,0.01230639209
3/23/2021,-0.01195219124,-0.02,-0.02325581395,-0.02431357184
3/24/2021,0.02016129032,0.01,-0.004761904762,-0.021675939
3/25/2021,0.00395256917,0,0.004784688995,-0.0463363498
3/26/2021,0.01181102362,0.01,0.004761904762,0.05228933454
3/27/2021,-0.001945525292,0,0.01184834123,0.0265744563
3/28/2021,-0.009746588694,0,0.01639344262,0.03972783278
3/29/2021,0.007874015748,0,-0.004608294931,-0.01331242336
3/30/2021,-0.015625,0,0.009259259259,0.02698407008
3/31/2021,0.007936507937,0.01,0.009174311927,0.000721458743
4/1/2021,0.003937007874,-0.01,-0.02272727273,0.06861416993
4/2/2021,0.01176470588,0,-0.004651162791,0.03605287283
4/3/2021,-0.005813953488,0,0.002336448598,0.0320360665
4/4/2021,-0.01169590643,-0.01,-0.004662004662,0.05024640443
4/5/2021,0.005917159763,0.01,0.007025761124,-0.01828598422
4/6/2021,-0.01176470588,-0.01,-0.01395348837,0.03725317949
4/7/2021,0.003968253968,0.01,0.0141509434,-0.07780164672
4/8/2021,0.00790513834,0,-0.01860465116,0.04721305724
4/9/2021,-0.01568627451,-0.01,0,0.005801221336
4/10/2021,0.001992031873,0,0.007109004739,0.04931742035
4/11/2021,0.005964214712,0,0.002352941176,0.08614731801
4/12/2021,-0.00395256917,0,0.004694835681,-0.03604280224
4/13/2021,0.007936507937,0,-0.009345794393,0.07478091833
4/14/2021,0.007874015748,0,-0.009433962264,-0.009593007579
4/15/2021,-0.00390625,0,0.004761904762,0.05756894808
4/16/2021,0.007843137255,0.01,0.01895734597,0.01783613803
4/17/2021,-0.001945525292,0,-0.006976744186,-0.05933543842
4/18/2021,-0.009746588694,-0.01,-0.007025761124,-0.04126412889
4/19/2021,0.007874015748,0,0,-0.02275296412
4/20/2021,-0.015625,-0.01,0,0.04656542979
4/21/2021,0.003968253968,0,0.004716981132,-0.005929241433
4/22/2021,-0.04347826087,0,0.05164319249,-0.03541206926
4/23/2021,0.00826446281,0,0,-0.0806637175
4/24/2021,0.006147540984,0,0.002232142857,0.02117739674
4/25/2021,0.01425661914,0.01,0.006681514477,0.0418407934
4/26/2021,-0.008032128514,-0.01,-0.004424778761,-0.02025508907
4/27/2021,0.01619433198,0.01,0.008888888889,0.04134767907
4/28/2021,0.01195219124,0.01,0.004405286344,0.01194131846
4/29/2021,0.007874015748,0,0,-0.01666477872
4/30/2021,0.00390625,0,-0.01315789474,0.08019237841
5/1/2021,0.005836575875,0,-0.002222222222,0.0358889748
5/2/2021,0.009671179884,0,-0.006681514477,0.02545928978
5/3/2021,-0.003831417625,0,0.004484304933,0.008958220712
5/4/2021,0.007692307692,0,-0.008928571429,-0.01775736701
5/5/2021,0.02290076336,0.02,0.01801801802,0.1343508922
5/6/2021,-0.007462686567,-0.01,-0.008849557522,0.06992108675
5/7/2021,-0.003759398496,0.02,0.04017857143,-0.0288459532
5/8/2021,0.01132075472,0.01,0.008583690987,-0.0002016435603
5/9/2021,0.005597014925,0.01,0.01063829787,0.043576192
5/10/2021,0.005565862709,0,-0.002105263158,-0.04194986103
5/11/2021,-0.0110701107,0,0.004219409283,0.08757341464
5/12/2021,0.01492537313,0,-0.008403361345,-0.03474132151
5/13/2021,-0.02573529412,-0.01,0.004237288136,-0.1160552279
5/14/2021,0.01132075472,0,-0.01265822785,0.09485346918
5/15/2021,0.007462686567,0.01,0.004273504274,-0.05639388978
5/16/2021,0.007407407407,0,-0.004255319149,-0.05729697566
5/17/2021,0,0,0.008547008547,-0.002617209548
5/18/2021,0,-0.01,-0.01694915254,0.005248154616
5/19/2021,-0.02205882353,-0.02,-0.008620689655,-0.2617950566
5/20/2021,-0.02631578947,-0.03,-0.03043478261,0.03927423741
5/21/2021,0.01158301158,0.01,0.004484304933,-0.1750930005
5/22/2021,0.003816793893,0,0,0.0299353544
5/23/2021,0.001901140684,0,-0.006696428571,0.003456085734
5/24/2021,0.001897533207,0,0.006741573034,0.02552098663
5/25/2021,-0.003787878788,-0.01,-0.01339285714,-0.04977174913
5/26/2021,-0.01140684411,-0.01,-0.004524886878,0.1238365452
5/27/2021,-0.003846153846,0.01,0.02272727273,0.03199443619
5/28/2021,-0.007722007722,0,0.008888888889,-0.09300264629
5/29/2021,0,0,0,0.0121413855
5/30/2021,0.01167315175,0.02,0.02202643172,0.009425032672
5/31/2021,-0.001923076923,0,-0.006465517241,0.002546705134
6/1/2021,0.001926782274,0,0.006507592191,-0.005080471804
6/2/2021,-0.003846153846,-0.01,-0.01293103448,0.07085150535
6/3/2021,-0.01158301158,-0.01,-0.004366812227,0.007554369513
6/4/2021,-0.0078125,-0.01,-0.008771929825,-0.05856347574
6/5/2021,-0.005905511811,0,0.002212389381,-0.01477927063
6/6/2021,-0.01386138614,-0.01,-0.002207505519,-0.06082453317
6/7/2021,0.008032128514,0.01,0.004424778761,0.048791265
6/8/2021,-0.01593625498,-0.01,-0.008810572687,-0.09304285157
6/9/2021,-0.02429149798,-0.02,-0.008888888889,0.04620803174
6/10/2021,0.02489626556,0.01,0,-0.03539254458
6/11/2021,-0.01619433198,-0.01,-0.008968609865,-0.02040139719
6/12/2021,0.002057613169,0.01,0.01583710407,0.03033590388
6/13/2021,0.006160164271,0.01,0.02004454343,0.02973308267
6/14/2021,-0.004081632653,0,-0.004366812227,-0.000281966933
6/15/2021,0.008196721311,0.01,0.008771929825,0.0005640929215
6/16/2021,-0.02032520325,-0.03,-0.03043478261,-0.03856732839
6/17/2021,-0.04149377593,-0.02,0,-0.02625133641
6/18/2021,0.02597402597,-0.01,-0.05381165919,-0.07170729482
6/19/2021,0.008438818565,0,-0.004739336493,-0.05366164512
6/20/2021,0.01882845188,0.02,0.0119047619,-0.09279028665
6/21/2021,-0.01026694045,-0.01,-0.01647058824,0.03977667361
6/22/2021,0.02074688797,0.03,0.03349282297,-0.07651003263
6/23/2021,0.01219512195,0.01,0.01388888889,0.02951731812
6/24/2021,-0.01606425703,-0.02,-0.01826484018,0.0873140263
6/25/2021,0.004081632653,0.02,0.03255813953,-0.07494141873
6/26/2021,-0.002032520325,0,-0.002252252252,0.03548236053
6/27/2021,0,0,-0.009029345372,0.06504890714
6/28/2021,-0.002036659878,0,0.006833712984,-0.02890233759
6/29/2021,0.004081632653,0,-0.01357466063,0.05952508941
6/30/2021,0.00406504065,0,-0.004587155963,-0.02685589815
7/1/2021,0.008097165992,0.01,0.01843317972,-0.0524795629
7/2/2021,0,-0.01,-0.01809954751,0.001984498171
7/3/2021,0,0,0,0.02512319058
7/4/2021,-0.004016064257,-0.01,-0.01382488479,0.03806204277
7/5/2021,-0.01008064516,-0.01,-0.002336448598,-0.01305756095
7/6/2021,0.01018329939,0.01,0.002341920375,0.02646063323
7/7/2021,-0.02016129032,-0.01,-0.004672897196,0.02966346317
7/8/2021,-0.02057613169,-0.03,-0.03286384977,-0.06802988077
7/9/2021,0.02521008403,0.03,0.02912621359,-0.004186454713
7/10/2021,0.008196721311,0.01,0.0141509434,-0.01993105777
7/11/2021,0.0243902439,0.02,0.009302325581,-0.03664610124
7/12/2021,-0.01587301587,-0.01,0.004608294931,0.01693014152
7/13/2021,0.03225806452,0.01,-0.009174311927,-0.03329656745
7/14/2021,-0.01171875,-0.01,-0.00462962963,0.008484505058
7/15/2021,0,-0.01,-0.01860465116,-0.03095315834
7/16/2021,-0.00395256917,0,0.01421800948,-0.01115790711
7/17/2021,-0.02182539683,-0.02,-0.01635514019,-0.03260141761
7/18/2021,-0.02434077079,-0.02,-0.004750593824,-0.0521422706
7/19/2021,0.002079002079,0,-0.01193317422,0.0194566988
7/20/2021,-0.004149377593,0.01,0.02415458937,-0.03817072137
7/21/2021,0.02083333333,0.01,-0.004716981132,0.06920514335
7/22/2021,0.004081632653,0,-0.004739336493,0.06237249577
7/23/2021,0.02845528455,0.03,0.03333333333,-0.02109608066
7/24/2021,0.01185770751,0.01,0.009216589862,0.08258267779
7/25/2021,0.00390625,0.01,0.009132420091,0.04765652598
7/26/2021,0.007782101167,0,0,0.02732431375
7/27/2021,-0.01544401544,-0.01,0,-0.05319510768
7/28/2021,0.007843137255,0.01,0.01809954751,0.04124696449
7/29/2021,0.003891050584,0.01,0.01333333333,0.004171065433
7/30/2021,-0.007751937984,-0.01,-0.01754385965,0.0257916671
7/31/2021,-0.009765625,-0.01,-0.002232142857,0.02771041967
8/1/2021,-0.009861932939,0,0.002237136465,0.01527325819
8/2/2021,0,0,-0.004464285714,0.01151413989
8/3/2021,0,0,0.008968609865,-0.02276614718
8/4/2021,-0.003984063745,-0.01,-0.02222222222,0.04905128547
8/5/2021,-0.016,-0.01,0,0.01397625121
8/6/2021,0.0162601626,0.02,0.01818181818,0.03899707842
8/7/2021,0,0,0,0.02769313945
8/8/2021,0.006,0.01,0.006696428571,0.03397881988
8/9/2021,-0.005964214712,-0.01,-0.006651884701,-0.006800840047
8/10/2021,0.012,0.01,0.01339285714,0.01369481635
8/11/2021,0.00790513834,0.01,0.008810572687,0.07523907873
8/12/2021,0,0,-0.008733624454,-0.05900878925
8/13/2021,-0.01176470588,-0.02,-0.02202643172,0.06329007408
8/14/2021,-0.003968253968,0,0,0.02362304226
8/15/2021,-0.005976095618,-0.01,-0.01126126126,0.008683973928
8/16/2021,0.002004008016,0.01,0.01138952164,0.01426997865
8/17/2021,-0.004,-0.01,-0.02252252252,-0.02813842261
8/18/2021,-0.004016064257,0,-0.004608294931,-0.03618951588
8/19/2021,-0.01209677419,-0.02,-0.02314814815,0.06631342534
8/20/2021,-0.02040816327,0,0.01421800948,0.04228129607
8/21/2021,0.00625,0,-0.007009345794,0.01637607246
8/22/2021,0.01035196687,0.01,0.002352941176,-0.006176714868
8/23/2021,-0.004098360656,-0.01,-0.009389671362,0.02242746051
8/24/2021,0.008230452675,0.01,0.01895734597,-0.04387100577
8/25/2021,0.02448979592,0.02,0.01860465116,0.001515316794
8/26/2021,-0.003984063745,-0.01,-0.01369863014,-0.05245860494
8/27/2021,0.012,0.03,0.04166666667,0.05119471835
8/28/2021,-0.00395256917,0,-0.004444444444,0.007402564986
8/29/2021,-0.009920634921,-0.01,-0.015625,0.01328404664
8/30/2021,0.006012024048,0.01,0.01133786848,-0.005858058236
8/31/2021,-0.01195219124,-0.02,-0.02242152466,0.01178515459
9/1/2021,0,0,0.009174311927,0.04178512887
9/2/2021,-0.004032258065,-0.01,-0.01363636364,0.01873227667
9/3/2021,0.004048582996,0.01,0.01382488479,0.03795585088
9/4/2021,0,0,0,0.0170828079
9/5/2021,0.01209677419,0.01,0.004545454545,-0.07319063993
9/6/2021,0.003984063745,0,0.004524886878,0.09709281196
9/7/2021,-0.003968253968,0,-0.004504504505,-0.1770001788
9/8/2021,0.00796812749,0.01,0.009049773756,0.01490757157
9/9/2021,0.00790513834,0,-0.008968609865,0.01294407042
9/10/2021,0,0.01,0.01809954751,-0.0358691292
9/11/2021,-0.003921568627,-0.01,-0.008888888889,0.007820402306
9/12/2021,-0.01181102362,-0.01,-0.01793721973,0.02434089364
9/13/2021,0.00796812749,0.01,0.009132420091,-0.01618716538
9/14/2021,-0.01581027668,-0.02,-0.01809954751,0.03290700184
9/15/2021,0.008032128514,0.01,0.009216589862,0.03775301072
9/16/2021,0.00796812749,0,-0.009132420091,-0.01853877558
9/17/2021,-0.00790513834,-0.01,-0.009216589862,-0.02939084815
9/18/2021,-0.01593625498,-0.01,0,-0.05853652677
9/19/2021,-0.01417004049,-0.01,-0.002325581395,-0.08821570644
9/20/2021,-0.00205338809,0,0.002331002331,0.02855895514
9/21/2021,0.004115226337,0,-0.004651162791,-0.0555319751
9/22/2021,-0.01229508197,0,0.004672897196,0.08682726157
9/23/2021,0.02904564315,0.01,-0.004651162791,0.04006191918
9/24/2021,-0.004032258065,0.01,0.03271028037,-0.04981650441
9/25/2021,0.006072874494,0,-0.002262443439,0.001573090365
9/26/2021,0.01207243461,0.01,0.004535147392,-0.02001368434
9/27/2021,-0.005964214712,-0.01,-0.006772009029,0.02202510753
9/28/2021,0.012,0.01,0.01363636364,-0.04310091282
9/29/2021,-0.00395256917,0,-0.004484304933,-0.002025784747
9/30/2021,-0.003968253968,0,0.004504504505,0.05512359972
10/1/2021,0,0,0.008968609865,0.09831524032
10/2/2021,0.003984063745,0,-0.004444444444,0.02034433521
10/3/2021,0.01587301587,0.01,0.01339285714,0.0187938279
10/4/2021,-0.01171875,-0.01,-0.01762114537,0.001123748276
10/5/2021,0.02371541502,0.03,0.03587443946,-0.002244973766
10/6/2021,-0.007722007722,-0.01,-0.008658008658,0.01767910036
10/7/2021,0.01556420233,0.01,0.008733624454,0.01131305002
10/8/2021,0.01149425287,0.02,0.02164502165,-0.01010130698
10/9/2021,0,0,0,-0.02399674775
10/10/2021,0,0,-0.008474576271,-0.02755274439
10/11/2021,0.007575757576,0.01,0.004273504274,0.003050031343
10/12/2021,-0.007518796992,-0.01,-0.004255319149,-0.006081513877
10/13/2021,0.01515151515,0.01,0.008547008547,0.03859262084
10/14/2021,0.003731343284,0,-0.004237288136,0.02950793765
10/15/2021,0.007434944238,0.02,0.02553191489,0.03237559482
10/16/2021,0,0,-0.008298755187,-0.01514661186
10/17/2021,0,0,-0.008368200837,-0.01094575303
10/18/2021,0,0,0,-0.004482875505
10/19/2021,0,0,0,0.009006124345
10/20/2021,0.0221402214,0.01,0,0.07898183118
10/21/2021,0.06137184116,0.03,-0.01265822785,-0.02089840352
10/22/2021,-0.01020408163,0,0.01282051282,0.01380515398
10/23/2021,0.006872852234,0,0,0.012554043
10/24/2021,0.01365187713,0.01,0.004219409283,0.02061968267
10/25/2021,-0.006734006734,-0.01,-0.004201680672,-0.008055194081
10/26/2021,0.01355932203,0.01,0.008438818565,0.01624121429
10/27/2021,-0.01003344482,-0.01,-0.02092050209,-0.08843688659
10/28/2021,-0.02027027027,-0.03,-0.04273504274,0.04615178409
10/29/2021,-0.003448275862,-0.02,-0.04910714286,0.03125951721
10/30/2021,-0.005190311419,0,0.00234741784,0.005203729577
10/31/2021,-0.008695652174,0,0.01170960187,0.02351944792
11/1/2021,0.00350877193,0,-0.009259259259,-0.01792116114
11/2/2021,-0.006993006993,0,0.01869158879,0.03649637979
11/3/2021,0.007042253521,0.01,0.009174311927,0.02628692558
11/4/2021,0.006993006993,0.01,0.01818181818,-0.009692511469
11/5/2021,-0.003472222222,-0.01,-0.01339285714,0.007340053424
11/6/2021,0.01219512195,0.02,0.02036199095,0.02741391362
11/7/2021,0.01549053356,0.02,0.0199556541,0.02828538678
11/8/2021,-0.003389830508,0,0,-0.001558850658
11/9/2021,0.006802721088,0,0,0.003122568934
11/10/2021,0.04054054054,0.03,0.008695652174,-0.03427724102
11/11/2021,0.00487012987,0.01,0.006465517241,0.004539438463
11/12/2021,0.004846526656,0.01,0.006423982869,-0.01787769664
11/13/2021,0.009646302251,0.01,0,-0.00560922347
11/14/2021,0.009554140127,0,-0.01276595745,-0.05005153897
11/15/2021,0,0.01,0.01293103448,0.04675061485
11/16/2021,0,-0.01,-0.02553191489,-0.08932522071
11/17/2021,-0.009463722397,-0.01,-0.01310043668,0.008328049834
11/18/2021,-0.009554140127,0.01,0.03982300885,-0.05683952329
11/19/2021,-0.02893890675,-0.03,-0.02978723404,0.04180702453
11/20/2021,-0.006622516556,-0.01,-0.008771929825,-0.01882072423
11/21/2021,-0.003333333333,-0.01,-0.008849557522,0.004414716439
11/22/2021,-0.003344481605,0,0,-0.02349274109
11/23/2021,0.006711409396,0,0,0.04811585552
11/24/2021,0.01,0,-0.02232142857,-0.04458161291
11/25/2021,-0.01815181518,-0.01,-0.002283105023,0.04632438024
11/26/2021,-0.01848739496,-0.01,-0.002288329519,-0.06994566879
11/27/2021,-0.001712328767,0,-0.002293577982,0.03066679878
11/28/2021,-0.02058319039,-0.01,0.004597701149,0.04724202991
11/29/2021,0.01926444834,0.01,-0.006864988558,-0.01669881522
11/30/2021,-0.03780068729,-0.02,0.01382488479,0.03396480239
12/1/2021,-0.03571428571,-0.02,-0.009090909091,0.007707951544
12/2/2021,0.01111111111,0.01,0.01376146789,0.02012239204
12/3/2021,-0.003663003663,-0.02,-0.03167420814,-0.05563097144
12/4/2021,0.01286764706,0,-0.01168224299,-0.05237401677
12/5/2021,0.02177858439,0.01,-0.009456264775,-0.03385696089
12/6/2021,-0.008880994671,-0.01,-0.002386634845,-0.02216203673
12/7/2021,0.01792114695,0.01,0.004784688995,0.04532864864
12/8/2021,0.01408450704,0.02,0.02857142857,0.03258836604
12/9/2021,-0.02777777778,-0.02,-0.009259259259,-0.06951180296
12/10/2021,-0.01428571429,-0.01,-0.009345794393,-0.01889245454
12/11/2021,-0.005434782609,-0.01,-0.01179245283,-0.04649321023
12/12/2021,-0.01821493625,-0.01,-0.009546539379,-0.03302451645
12/13/2021,0.01298701299,0.01,-0.002409638554,-0.0162731255
12/14/2021,-0.02564102564,-0.01,0.004830917874,0.03308464152
12/15/2021,0.003759398496,0.01,0.01442307692,0.06517541818
12/16/2021,0.01123595506,0.01,0.01421800948,-0.005817205773
12/17/2021,-0.01851851852,-0.02,-0.01401869159,-0.03873943492
12/18/2021,0,0,0.004739336493,0.02214250185
12/19/2021,0.007547169811,0.01,0.01886792453,0.03575080123
12/20/2021,-0.007490636704,-0.01,-0.01388888889,-0.01360169713
12/21/2021,0.01509433962,0.02,0.02816901408,0.02757850878
12/22/2021,0.003717472119,0.01,0.02283105023,0.03074329861
12/23/2021,0.007407407407,0,-0.008928571429,0.0447281515
12/24/2021,0,0,0,0.002552312626
12/25/2021,0.01102941176,0.01,0.01351351351,0.01603820023
12/26/2021,0.005454545455,0,-0.006666666667,-0.02615223725
12/27/2021,-0.005424954792,0,0.006711409396,0.04306348025
12/28/2021,0.01090909091,0,-0.01333333333,-0.08257115903
12/29/2021,0.01798561151,0.01,0.004504504505,-0.02418228205
12/30/2021,0.01060070671,0.02,0.03139013453,-0.01444084838
12/31/2021,0.003496503497,-0.01,-0.02173913043,-0.01947467435
1/1/2022,0.01393728223,0.01,0,0.02512434669
1/2/2022,0.01030927835,0,-0.008888888889,0.02471943653
1/3/2022,0.003401360544,0.01,0.008968609865,-0.0002057655983
1/4/2022,-0.006779661017,-0.01,-0.01777777778,0.000411615893
1/5/2022,-0.0204778157,-0.02,-0.009049773756,-0.05465304424
1/6/2022,-0.03484320557,-0.03,-0.01826484018,-0.005440417042
1/7/2022,0.003610108303,0.01,0.01395348837,-0.04522422809
1/8/2022,-0.001798561151,0,0.002293577982,-0.01625312857
1/9/2022,0.01621621622,0.01,0.006864988558,0.001690904713
1/10/2022,-0.01773049645,-0.01,-0.004545454545,-0.01818181818
1/11/2022,0.03610108303,0.02,0.009132420091,0.03703703704
1/12/2022,-0.01742160279,-0.02,-0.03167420814,0.05165944647
1/13/2022,-0.01773049645,-0.02,-0.02336448598,-0.02966491531
1/14/2022,0.007220216606,0,0,0.01203155769
1/15/2022,0,0,0,-0.006574222487
1/16/2022,0.003584229391,0.01,0.01435406699,-0.0197706371
1/17/2022,-0.0125,-0.01,-0.01179245283,0.01341819444
1/18/2022,0.01265822785,0.01,0.01193317422,-0.02648106085
1/19/2022,-0.025,-0.02,-0.02358490566,-0.01904562362
1/20/2022,0.003663003663,-0.03,-0.07246376812,0.02352103577
1/21/2022,-0.01459854015,0,0.03125,-0.1373858381
1/22/2022,0.007407407407,0.01,0.0101010101,-0.04905802382
1/23/2022,0.01470588235,0.01,0.015,-0.05885170319
1/24/2022,-0.007246376812,-0.01,-0.004926108374,0.007716989223
1/25/2022,0.01459854015,0.01,0.009900990099,-0.01531578669
1/26/2022,-0.01079136691,-0.01,-0.01470588235,-0.0001345211551
1/27/2022,0.003636363636,0.01,0.01492537313,-0.06736044075
1/28/2022,0.01449275362,0.02,0.01960784314,0.05157888663
1/29/2022,0.003571428571,0,-0.004807692308,0.01492527076
1/30/2022,0,0,-0.004830917874,0.02218876927
1/31/2022,0.003558718861,0,0,-0.007320552256
2/1/2022,-0.007092198582,0,0,0.01474907589
2/2/2022,-0.003571428571,-0.01,-0.0145631068,-0.02142957938
2/3/2022,-0.01075268817,-0.01,-0.01477832512,-0.04140327108
2/4/2022,0.007246376812,0.01,0.02,0.1025493015
2/5/2022,-0.005395683453,0,0.002450980392,0.04982770437
2/6/2022,-0.001808318264,0,0.007334963325,0.0388110361
2/7/2022,-0.003623188406,0,-0.004854368932,0.008328472027
2/8/2022,0.007272727273,0.01,0.009756097561,-0.016519363
2/9/2022,0.003610108303,0,-0.004830917874,0.0255135871
2/10/2022,0.01079136691,0.01,0.0145631068,-0.03688339332
2/11/2022,0.003558718861,-0.01,-0.02392344498,-0.06471266212
2/12/2022,0.01595744681,0.01,0.002450980392,-0.008961210962
2/13/2022,0.01221640489,0.01,0.007334963325,0.02506766057
2/14/2022,0.003448275862,0,-0.004854368932,-0.03327575561
2/15/2022,-0.006872852234,0,0.009756097561,0.06884229045
2/16/2022,-0.006920415225,-0.01,-0.009661835749,0.009972738358
2/17/2022,0,-0.01,-0.02926829268,-0.07715168201
2/18/2022,-0.003484320557,-0.01,-0.01507537688,-0.0244965005
2/19/2022,0,0,0,-0.02561248328
2/20/2022,0.01048951049,0.02,0.02551020408,-0.0355633424
2/21/2022,0.02076124567,0.02,0.009950248756,0.009619726016
2/22/2022,-0.02033898305,-0.02,-0.009852216749,-0.01905613721
2/23/2022,0.04152249135,0.03,0.01990049751,0.02571941417
2/24/2022,0.01328903654,0.01,0,0.00532306137
2/25/2022,-0.009836065574,0,0.00487804878,0.02924144914
2/26/2022,0.01490066225,0.02,0.01699029126,0.0441455403
2/27/2022,0.01957585644,0.02,0.009546539379,0.06487948027
2/28/2022,-0.0048,0,0.007092198582,-0.02122341014
3/1/2022,0.009646302251,0,-0.01408450704,0.04336722058
3/2/2022,0.02866242038,0.03,0.04285714286,-0.01503377927
3/3/2022,-0.01857585139,-0.01,0.009132420091,-0.0382379343
3/4/2022,0.006309148265,-0.01,-0.02714932127,-0.04313768479
3/5/2022,0.01567398119,0.02,0.02325581395,-0.03663582177
3/6/2022,0.03703703704,0.04,0.05,-0.01839019144
3/7/2022,-0.02083333333,-0.02,-0.02597402597,-0.02000678431
3/8/2022,0.04255319149,0.05,0.05333333333,0.04083045472
3/9/2022,-0.02915451895,-0.02,-0.008438818565,0.07816561582
3/10/2022,0.02702702703,0.01,-0.02127659574,-0.02832089035
3/11/2022,0.02923976608,0.03,0.02608695652,-0.04121236857
3/12/2022,-0.002840909091,0,0,-0.002028750486
3/13/2022,-0.01424501425,-0.02,-0.02118644068,0.01356660331
3/14/2022,0.01156069364,0.02,0.02164502165,-0.01539067875
3/15/2022,-0.02285714286,-0.03,-0.04237288136,0.03126250873
3/16/2022,-0.02339181287,-0.01,0,0.0235946186
3/17/2022,0.05089820359,0.04,0.02212389381,0.01552141344
3/18/2022,-0.008547008547,-0.02,-0.0303030303,0.02592614861
3/19/2022,0.005747126437,0.01,0.008928571429,0.003877164519
3/20/2022,0.005714285714,0.01,0.01327433628,0.01313820619
3/21/2022,0,0,-0.004366812227,-0.009155726196
3/22/2022,0,0,0.008771929825,0.01848065622
3/23/2022,0.01420454545,0.01,0.004347826087,0.02217226934
3/24/2022,0,-0.01,-0.01731601732,0.04706352753
3/25/2022,0.005602240896,0.01,0.01762114537,-0.01990486994
3/26/2022,-0.004178272981,0,0.006493506494,0.05507584765
3/27/2022,-0.02657342657,-0.02,0.002150537634,0.05044130884
3/28/2022,0.02298850575,0.02,0.004291845494,0.001675041876
3/29/2022,-0.04494382022,-0.03,-0.008547008547,-0.003344481605
3/30/2022,0.002941176471,0,-0.004310344828,0.007933548761
3/31/2022,-0.02052785924,-0.01,0.01298701299,-0.03372449084
4/1/2022,-0.01796407186,-0.01,-0.008547008547,0.04334244332
4/2/2022,0,0,0,-0.0007083759081
4/3/2022,0.004573170732,0.01,0.01077586207,0.001765820348
4/4/2022,-0.004552352049,-0.01,-0.01066098081,-0.002470336238
4/5/2022,0.009146341463,0.01,0.02155172414,0.004952907824
4/6/2022,-0.009063444109,0,0.004219409283,-0.07282546873
4/7/2022,-0.006097560976,0,0,-0.0083444931
4/8/2022,0.02147239264,0.02,0.01260504202,-0.01982303427
4/9/2022,0.006006006006,0.01,0.008298755187,-0.04621949364
4/10/2022,-0.002985074627,0,0,-0.04662923921
4/11/2022,0.008982035928,0.01,0.008230452675,-0.001919522583
4/12/2022,-0.0178041543,-0.02,-0.01632653061,0.003846428472
4/13/2022,-0.01812688822,-0.02,-0.02489626556,0.04107856356
4/14/2022,0.02461538462,0.03,0.04255319149,-0.034078048
4/15/2022,0,0,0,0.008789329791
4/16/2022,0.009009009009,0.01,0.01224489796,0.002188857557
4/17/2022,0,0,0.004032258065,0.01755170452
4/18/2022,0,0,-0.004016064257,-0.01510255207
4/19/2022,0,0,0.008064516129,0.03066827333
4/20/2022,0,0,-0.008,-0.007656855094
4/21/2022,0.002976190476,0.03,0.07661290323,-0.008155149645
4/22/2022,0,-0.01,-0.02996254682,-0.02557021336
4/23/2022,-0.01483679525,-0.01,-0.007722007722,0.0008843280489
4/24/2022,-0.01807228916,-0.02,-0.02723735409,-0.02727950448
4/25/2022,0.003067484663,0.01,0.02,0.02895287116
4/26/2022,-0.006116207951,-0.02,-0.03921568627,-0.05627637955
4/27/2022,0.009230769231,0.01,0.01224489796,0.004699776217
4/28/2022,0.03353658537,0.03,0.02822580645,0.01418854701
4/29/2022,-0.02654867257,-0.03,-0.03529411765,-0.05208416342
4/30/2022,-0.01363636364,-0.01,-0.01016260163,-0.0256621932
5/1/2022,-0.01382488479,-0.01,-0.00205338809,-0.0331283876
5/2/2022,0,0,-0.008230452675,0.007022960709
5/3/2022,0,0.01,0.01659751037,-0.0139479654
5/4/2022,0.009345794393,0.01,0.01224489796,0.08241278286
5/5/2022,-0.003086419753,0,0.01209677419,-0.08289966159
5/6/2022,-0.003095975232,0,-0.003984063745,-0.01222528418
5/7/2022,-0.0248447205,-0.02,-0.012,-0.1127585941
5/8/2022,-0.04777070064,-0.04,-0.02429149798,-0.1235230801
5/9/2022,0.02341137124,0.02,0.01244813278,-0.00406843264
5/10/2022,-0.04575163399,-0.04,-0.02459016393,0.008170104801
5/11/2022,0.02739726027,0.02,0.008403361345,-0.2315573001
5/12/2022,-0.03666666667,-0.04,-0.04583333333,-0.05171507827
5/13/2022,0.04844290657,0.04,0.02620087336,0.1148309944
5/14/2022,0.001650165017,0,-0.006382978723,-0.004242186055
5/15/2022,0.00823723229,0,-0.002141327623,0.005508154855
5/16/2022,-0.006535947712,-0.01,-0.004291845494,-0.009714902533
5/17/2022,0.01315789474,0.01,0.008620689655,0.01962041549
5/18/2022,-0.00974025974,0,0.02136752137,-0.04260184539
5/19/2022,-0.0262295082,-0.05,-0.07531380753,0.0005135248104
5/20/2022,-0.0303030303,-0.02,0.004524886878,-0.01623934685
5/21/2022,0.006944444444,0.01,0.01351351351,0.008969575636
5/22/2022,-0.001724137931,0,0.002222222222,0.003583593635
5/23/2022,0.008635578584,0.01,0.0110864745,0.005287296409
5/24/2022,-0.01712328767,-0.02,-0.02192982456,-0.01051897587
5/25/2022,0.003484320557,0,0.004484304933,-0.004643822993
5/26/2022,0.02777777778,0.02,0.01785714286,-0.062569589
5/27/2022,-0.003378378378,0,0.01315789474,-0.02946112732
5/28/2022,0,0,0,0.04876223795
5/29/2022,0.003389830508,0,0.004329004329,0.05851912217
5/30/2022,0,0,0.004310344828,-0.0113593472
5/31/2022,0,0,-0.004291845494,0.02297972912
6/1/2022,0,0,0.008620689655,-0.0606017523
6/2/2022,0.003378378378,0,0.004273504274,0.01246712953
6/3/2022,0.02356902357,0.03,0.03829787234,-0.0389650834
6/4/2022,0.001644736842,0,0.006147540984,0.0283995904
6/5/2022,-0.001642036125,0,-0.002036659878,0.02135744895
6/6/2022,0.003289473684,0.01,0.008163265306,0.006127019973
6/7/2022,-0.006557377049,-0.01,-0.01619433198,-0.01217941642
6/8/2022,0.009900990099,0.01,0.004115226337,-0.02059897191
6/9/2022,0.006535947712,0,-0.008196721311,-0.003156733731
6/10/2022,0.01623376623,0,-0.01239669421,-0.05131629149
6/11/2022,-0.003194888179,0,-0.004184100418,-0.1094242241
6/12/2022,-0.04006410256,-0.03,-0.01470588235,-0.1254694615
6/13/2022,0.03839732888,0.03,0.01066098081,0.002973462599
6/14/2022,-0.07395498392,-0.05,-0.02109704641,-0.005929294663
6/15/2022,0.04166666667,0.04,0.03448275862,0.02476499581
6/16/2022,-0.04333333333,-0.03,-0.0125,-0.04681682643
6/17/2022,-0.0243902439,-0.02,-0.004219409283,0.002253446448
6/18/2022,0,0,0,0.01065555703
6/19/2022,0.01428571429,0.01,0.008474576271,0.04309325749
6/20/2022,-0.0176056338,-0.01,-0.008403361345,-0.03120530599
6/21/2022,0.01792114695,0.01,0.008474576271,0.06442088542
6/22/2022,-0.03521126761,-0.03,-0.01680672269,-0.04309212127
6/23/2022,-0.01824817518,-0.02,-0.01282051282,0.04461735364
6/24/2022,0.04832713755,0.02,-0.004329004329,0.06333725506
6/25/2022,-0.005319148936,0,0.002173913043,-0.01129331329
6/26/2022,-0.01604278075,-0.02,-0.01518438178,-0.02846315919
6/27/2022,0.01086956522,0.01,0.01762114537,0.01754009676
6/28/2022,-0.02150537634,-0.03,-0.03463203463,-0.03447549008
6/29/2022,-0.05128205128,-0.05,-0.04484304933,-0.02482312513
6/30/2022,-0.003861003861,-0.01,-0.0234741784,-0.05687160565
7/1/2022,0.007751937984,0,0,0.02039632163
7/2/2022,0,0,0,0.01721003567
7/3/2022,-0.03461538462,-0.02,0.004807692308,0.02387274645
7/4/2022,-0.005976095618,0,0.002392344498,-0.006791747324
7/5/2022,0.006012024048,0,-0.002386634845,0.01367638117
7/6/2022,-0.01195219124,0,0.004784688995,0.009120563996
7/7/2022,0.02016129032,0.02,0.01428571429,0.05949695879
7/8/2022,0.03557312253,0.02,-0.004694835681,-0.005072241008
7/9/2022,-0.01145038168,-0.01,-0.009433962264,-0.03075081106
7/10/2022,-0.02316602317,-0.01,0.004761904762,-0.05865124842
7/11/2022,0.01185770751,0,-0.01421800948,0.02860238995
7/12/2022,-0.0234375,0,0.02884615385,-0.05561408418
7/13/2022,0.004,0,-0.01401869159,0.01302062907
7/14/2022,0.01195219124,0.01,0.01421800948,0.06165956898
7/15/2022,0.01968503937,0.01,-0.004672897196,0.0330950876
7/16/2022,0.007722007722,0,-0.004694835681,0.02822270681
7/17/2022,0.0153256705,0.01,-0.004716981132,0.06729272833
7/18/2022,-0.007547169811,0,0,-0.03733247561
7/19/2022,0.01520912548,0.01,0,0.07756047579
7/20/2022,0,0,-0.009478672986,-0.01408411885
7/21/2022,-0.04494382022,-0.02,0.00956937799,0.00004892231137
7/22/2022,0.003921568627,0,0.004739336493,-0.03770327973
7/23/2022,0.00390625,0,0.004716981132,-0.02158377876
7/24/2022,0,0,0.009389671362,-0.0496088299
7/25/2022,0.003891050584,0,-0.004651162791,0.02898692211
7/26/2022,-0.007751937984,0,0.009345794393,-0.05634070071
7/27/2022,0.01953125,0.03,0.03240740741,0.1066042516
7/28/2022,0.02298850575,0.02,0.0269058296,0.0538947399
7/29/2022,0.02247191011,0.02,0.01746724891,0.01315190554
7/30/2022,-0.001831501832,0,-0.00643776824,-0.01281100031
7/31/2022,-0.007339449541,-0.01,-0.01295896328,-0.009333002351
8/1/2022,0.005545286506,0.01,0.006564551422,-0.003678581745
8/2/2022,-0.01102941176,-0.01,-0.01304347826,0.007384327342
8/3/2022,0.01115241636,0.01,0.004405286344,0.01873812397
8/4/2022,-0.02941176471,-0.02,0,-0.02906739278
8/5/2022,0,0,0,0.03261585922
8/6/2022,0.001893939394,0,0.006578947368,0.03178596162
8/7/2022,0.003780718336,0,0,0.00944305705
8/8/2022,-0.001883239171,0,0.006535947712,0.02116383146
8/9/2022,0.003773584906,0,-0.01298701299,-0.04145041336
8/10/2022,-0.01879699248,-0.02,-0.01315789474,0.0404057222
8/11/2022,0.02298850575,0.02,0.008888888889,0.01535024549
8/12/2022,0,0,0,0.00856780799
8/13/2022,-0.00936329588,-0.01,-0.002202643172,0.004500675101
8/14/2022,-0.01134215501,-0.01,0,0.00492233783
8/15/2022,0.001912045889,0,-0.002207505519,-0.0004396638739
8/16/2022,-0.003816793893,0,0.004424778761,0.0008797145264
8/17/2022,0.0153256705,0.01,0,-0.03754069746
8/18/2022,0.01886792453,0.02,0.03083700441,-0.01629012238
8/19/2022,0.007407407407,0.01,0.01709401709,-0.0855583159
8/20/2022,0.003676470588,0,0.004201680672,-0.01555696954
8/21/2022,0.009157509158,0.01,0.002092050209,0.0001706645751
8/22/2022,-0.005444646098,0,0.002087682672,-0.01597075236
8/23/2022,0.01094890511,0,-0.004166666667,0.03245991396
8/24/2022,0.007220216606,0.02,0.02510460251,0.006825328759
8/25/2022,-0.007168458781,-0.01,-0.008163265306,0.007708961846
8/26/2022,-0.01444043321,-0.01,-0.008230452675,-0.06517282916
8/27/2022,-0.003663003663,0,0.008298755187,-0.01349946123
8/28/2022,-0.01102941176,0,0.004115226337,-0.01160272691
8/29/2022,0.007434944238,0.01,0.004098360656,-0.002105897673
8/30/2022,-0.0147601476,-0.01,-0.008163265306,0.004220683673
8/31/2022,-0.03370786517,-0.03,-0.02057613169,0.004812178513
9/1/2022,-0.02325581395,-0.01,0,-0.01574887755
9/2/2022,0.0119047619,0.01,0.004201680672,0.001840256388
9/3/2022,0,0,0,0.005771371197
9/4/2022,0.003921568627,0,0.004184100418,-0.01008740873
9/5/2022,-0.009765625,-0.01,-0.002083333333,0.01598692902
9/6/2022,0.009861932939,0.01,0.002087682672,-0.0314707376
9/7/2022,-0.01953125,-0.01,-0.004166666667,0.01283843905
9/8/2022,-0.01992031873,-0.02,-0.01255230126,0.0262220758
9/9/2022,0.02032520325,0,-0.01271186441,0.04896393057
9/10/2022,0.001992031873,0,-0.002145922747,0.01131254691
9/11/2022,0.009940357853,0,-0.002150537634,-0.02558550899
9/12/2022,-0.007874015748,0,0,0.03773703494
9/13/2022,0.01587301587,0.01,0,-0.07272947514
9/14/2022,0.0234375,0.01,-0.008620689655,-0.005501978714
9/15/2022,-0.01908396947,-0.01,-0.004347826087,-0.02396093309
9/16/2022,-0.03112840467,-0.02,-0.008733624454,-0.02078088633
9/17/2022,-0.01004016064,-0.01,-0.006607929515,0